GEOID,place_name,state_abbr,pop_2020,adoption_year_raw,year_found,source_url,source_type,evidence_note,match_type
3651000,New York city,NY,8740292,2003,2003.0,https://www.nyc.gov/311/,official,"NYC 311 launched March 9, 2003 under Mayor Bloomberg as a citywide non-emergency service line.",exact
0644000,Los Angeles city,CA,3895848,2002,2002.0,https://controller.lacity.gov/audits/311,official,"LA City Controller audit states the 311 call center was established in 2002; MyLA311 app added in 2013, system overhauled in 2016.",exact
1714000,Chicago city,IL,2743329,1999,1999.0,https://www.chicago.gov/city/en/depts/311.html,official,"Chicago launched its 311 system in 1999, making it one of the earliest U.S. cities to adopt the service.",exact
4835000,Houston city,TX,2299269,1999,1999.0,https://www.houstontx.gov/311/,official,Houston launched its 311 system in 1999.,exact
0455000,Phoenix city,AZ,1612459,no_311,,https://www.phoenix.gov/pdd/myphx311,official,Phoenix uses myPHX311 portal and app (launched 2021) for service requests but does not operate a traditional 311 phone number.,exact
4260000,Philadelphia city,PA,1600684,2008,2008.0,https://www.phila.gov/departments/philly311/,official,Philadelphia Philly311 launched in 2008.,exact
4865000,San Antonio city,TX,1439257,2000,2000.0,https://www.sanantonio.gov/311,official,San Antonio 311 launched in 2000.,exact
0666000,San Diego city,CA,1386292,no_311,,https://www.sandiego.gov/getitdone,official,"San Diego uses the ""Get It Done"" app (launched 2016) for non-emergency service requests; no 311 phone number is operated.",exact
4819000,Dallas city,TX,1303212,2002,2002.0,https://dallascityhall.com/departments/311/Pages/default.aspx,official,Dallas 311 launched in 2002.,exact
0668000,San Jose city,CA,1009319,2009,2009.0,https://www.govtech.com/dc/articles/san-jose-pilots-an-iphone-app.html,news,"GovTech reports San Jose launched its 311 mobile pilot on December 15, 2009 via CitySourced; an earlier phone-based 311 call center may have predated this but could not be confirmed.",exact
4805000,Austin city,TX,965827,2000,2000.0,https://www.austintexas.gov/311,official,Austin 311 launched in 2000.,exact
1235000,Jacksonville city,FL,951880,unknown,,https://www.coj.net/311,official,"Jacksonville has a 311 service (MyJax portal launched 2019), but the original 311 launch date could not be verified from available sources.",exact
4827000,Fort Worth city,TX,923602,2024,2024.0,https://www.fortworthtexas.gov/311,news,Fort Worth rolled out its 311 non-emergency service number in May 2024.,exact
3918000,Columbus city,OH,906418,2003,2003.0,https://www.columbus.gov/311/,official,Columbus 311 launched in 2003.,exact
3712000,Charlotte city,NC,875752,2005,2005.0,https://charlottenc.gov/Services/Pages/311.aspx,official,Charlotte launched its 311 system in 2005.,exact
0667000,San Francisco city,CA,870518,2007,2007.0,https://sf311.org/,official,San Francisco SF311 launched in 2007.,exact
5363000,Seattle city,WA,740565,unknown,,https://www.seattle.gov/customer-service-bureau,official,"Seattle operates a Customer Service Bureau (established 1965) and routes calls through 311, but the specific year the 311 number was activated could not be confirmed.",exact
0820000,Denver city,CO,717606,2006,2006.0,https://www.denvergov.org/Government/Agencies-Departments-Offices/Agencies-Departments-Offices-Directory/311-Denver-311,official,Denver 311 launched in 2006.,exact
4055000,Oklahoma City city,OK,683078,unknown,,https://www.okc.gov/residents/action-center,official,"Oklahoma City operates an Action Center for non-emergency service requests with 311 routing, but the launch year of the 311 number could not be verified.",exact
4824000,El Paso city,TX,679255,2011,2011.0,https://www.elpasotexas.gov/311,news,EP311 launched in 2011 as El Paso's non-emergency citizen service center.,exact
2507000,Boston city,MA,675466,2009,2009.0,https://www.boston.gov/departments/311,official,Boston launched its 311 system (BOS:311) in 2009.,exact
4159000,Portland city,OR,653344,2021,2021.0,https://www.portland.gov/311,official,"PDX 311 launched in fiscal year 2020-21, consolidating city service request channels into a single 311 system.",exact
3240000,Las Vegas city,NV,646794,2000,2000.0,https://lasvegassun.com/,news,"Las Vegas Sun reported the city's 311 system went active on October 30, 2000.",exact
2622000,Detroit city,MI,638300,2005,2005.0,https://www.govtech.com/archive/detroit-pulls-plug-on-311-call-center.html,news,"GovTech reports Detroit's ""One Call to City Hall"" 311 call center launched in 2005 and handled 400+ service types; closed June 30, 2012 as a cost-savings measure.",exact
4748000,Memphis city,TN,635225,2013,2013.0,https://www.memphistn.gov/311,news,Memphis launched its 311 call center and associated app in 2013.,exact
2404000,Baltimore city,MD,583157,1996,1996.0,https://baltimore.gov/311/,official,Baltimore launched the first 311 system in the US in October 1996.,exact
5553000,Milwaukee city,WI,577207,2012,2012.0,https://city.milwaukee.gov/Milwaukee311,news,Milwaukee established its Unified Call Center / 311 system in 2012.,exact
3502000,Albuquerque city,NM,564888,2005,2005.0,https://www.cabq.gov/311,official,Albuquerque launched its 311 system in 2005.,exact
0627000,Fresno city,CA,542710,2019,2019.0,https://www.fresno.gov/311,news,Fresno formally launched its 311 system in 2019; an earlier One Call Center had operated since 2006 but was not branded 311.,exact
0477000,Tucson city,AZ,542638,2023,2023.0,https://www.tucsonaz.gov/311,news,Tucson launched its 311 non-emergency number in early 2023.,exact
0664000,Sacramento city,CA,525528,2008,2008.0,https://www.esri.com/about/newsroom/blog/sacrament-311-system-spatial-integration,secondary,"Esri case study states Sacramento's 311 launched in 2008 and logs approximately 500,000 interactions per year.",exact
2938000,Kansas City city,MO,508220,2007,2007.0,https://www.kcmo.gov/city-hall/departments/311-call-center,official,Kansas City MO launched its 311 system in 2007.,exact
0446000,Mesa city,AZ,505890,unknown,,https://www.mesaaz.gov/Activities-Culture/Parks-Recreation-and-Community-Facilities/News/Mesa-CityLink,official,"Mesa uses ""Mesa CityLink"" (CitySourced platform) for non-emergency requests; no source specifies launch year; Socrata data starts 2017 and CityLink app suggests mid-2010s, but exact year unconfirmed.",exact
1304000,Atlanta city,GA,499896,2014,2014.0,https://www.atlantaga.gov/311,news,"ATL311 officially opened on October 22, 2014 as Atlanta's centralized non-emergency service request system.",exact
3137000,Omaha city,NE,492758,no_311,,https://www.cityofomaha.org/contact-us,official,Omaha uses the Mayor's Hotline (402-444-5555) for non-emergency service requests and does not operate a 311 system.,exact
0816000,Colorado Springs city,CO,480331,no_311,,https://coloradosprings.gov/contact-us,official,Colorado Springs uses a direct non-emergency line (719-444-7000) and does not operate a 311 system.,exact
0643000,Long Beach city,CA,465585,unknown,,https://longbeach.gov/lbbetter,official,"Long Beach uses the ""LB Better"" (formerly ""Go Long Beach"") service request app but a formal 311 phone launch date could not be confirmed.",exact
3755000,Raleigh city,NC,465354,2011,2011.0,https://raleighnc.gov/raleigh-311,news,Raleigh launched SeeClickFix-based 311 in 2011; the service was later replaced by the Ask Raleigh platform in 2025.,exact
5182000,Virginia Beach city,VA,459684,2006,2006.0,https://www.vbgov.com/government/departments/communications-information-technology/vbgov.com/Pages/311.aspx,official,Virginia Beach launched its 311 system in 2006.,exact
1245000,Miami city,FL,442827,2004,2004.0,https://www.miamidade.gov/311,news,"Miami-Dade 311 has been operational since 2004, serving the City of Miami and surrounding county municipalities.",exact
0653000,Oakland city,CA,440943,2018,2018.0,https://oaklandnorth.net/2018/04/26/oakland-launches-oak-311-for-residents-to-report-immediate-maintenance-problems/,news,"Oakland North reports Oakland officially launched the unified OAK 311 system (phone, website, app) in April 2018; prior service used SeeClickFix without unified 311 branding (note: O'Byrne 2015 flags Oakland as adopted by 2012, possibly counting earlier call-center service).",exact
2743000,Minneapolis city,MN,430710,2003,2003.0,https://www.minneapolismn.gov/311/,official,Minneapolis launched its 311 system in 2003.,exact
4075000,Tulsa city,OK,413651,2016,2016.0,https://www.cityoftulsa.org/311,news,Tulsa311 went live in November 2016 as the city's centralized non-emergency service request system.,exact
0603526,Bakersfield city,CA,405280,no_311,,https://www.bakersfieldcity.us/,official,Bakersfield uses a direct non-emergency phone line (661-327-7111) and an online portal for service requests but does not operate a 311 system.,exact
2079000,Wichita city,KS,398024,unknown,,https://www.wichita.gov/311,official,"Wichita operates a 311 system and app, but the launch year of the 311 service could not be verified from available sources.",exact
4804000,Arlington city,TX,394248,no_311,,https://www.arlingtontx.gov/city_hall/departments/office_of_communications/action_center,official,Arlington TX uses an Action Center (817-459-6777) for non-emergency requests and does not operate a 311 system.,exact
1271000,Tampa city,FL,387924,unknown,,https://www.tampa.gov/311,official,"Tampa operates a 311 system (Tampa Connect CRM), but the launch year could not be confirmed from available sources.",exact
0804000,Aurora city,CO,386773,no_311,,https://www.auroragov.org/residents/access_aurora,official,"Aurora CO uses ""Access Aurora"" (303-739-7000) for non-emergency service requests and does not operate a 311 number.",exact
2255000,New Orleans city,LA,383241,2012,2012.0,https://www.opcdla.gov/services/nola-311/,official,Orleans Parish Communication District states NOLA-311 has been operational since March 2012; open data records also begin in 2012.,exact
3916000,Cleveland city,OH,371806,2009,2009.0,https://www.clevelandohio.gov/CityofCleveland/Home/Government/CityAgencies/PublicWorksandRecreation/311,official,Cleveland launched its 311 system in 2009.,exact
0602000,Anaheim city,CA,346658,2007,2007.0,https://www.govtech.com/dc/articles/Anaheim-Launches-311-Customer-Service-Hotline.html,news,"GovTech reported that Anaheim began live testing of its 311 hotline on June 4, 2007, as the phone component of the ""Anaheim Anytime"" initiative introduced by Mayor Curt Pringle at his 2006 State of the City Address.",exact
2146027,Lexington-Fayette urban county,KY,322627,unknown,,https://www.lexingtonky.gov/living/lexcall-311,official,"Official LexingtonKY.gov page describes LexCall 311 as the city's centralized call center; indirect evidence (8,500 calls during 2009 ice storm) suggests service existed at least since 2000, but no confirmed launch year was found.",exact
0675000,Stockton city,CA,320976,unknown,,https://www.stocktonca.gov/311,official,"Stockton uses an ""Ask Stockton"" service request system, but it is unclear whether a formal 311 number is operational and when it launched.",exact
3231900,Henderson city,NV,319072,unknown,,https://www.hendersonlive.com/311,official,"Henderson NV routes non-emergency calls through 311, but the year the 311 number was activated could not be confirmed.",exact
4817000,Corpus Christi city,TX,318065,2022,2022.0,https://www.cctexas.com/311,news,Corpus Christi launched its 311 Call Center in June 2022.,exact
0662000,Riverside city,CA,315067,2004,2004.0,https://www.govtech.com/health/riverside-calif-introduces-311-phone-and.html,news,"GovTech reported the Riverside centralized call center was created in 2004 using 826-5311 and had answered more than 250,000 questions since 2004; the short-dial 311 number was added circa 2007.",exact
0669000,Santa Ana city,CA,311244,no_311,,https://www.santa-ana.org/contact,official,Santa Ana uses direct non-emergency lines and the mySantaAna app for service requests but does not operate a 311 system.,exact
2758000,St. Paul city,MN,311140,unknown,,https://www.stpaul.gov/311,official,"St. Paul operates a 311 service for non-emergency requests, but the launch year of the 311 number could not be confirmed from available sources.",exact
3451000,Newark city,NJ,310645,2008,2008.0,https://thenewarktimes.com/baraka-administration-announces-overhaul-4311-non-emergency-response-center/,news,Multiple sources confirm Newark launched its 4311 non-emergency consolidated call center in September 2008 under Mayor Cory Booker.,exact
3915000,Cincinnati city,OH,309601,2022,2022.0,https://www.wvxu.org/local-news/2022-09-12/cincinnati-launches-311-non-emergency-line,news,"WVXU reported September 12, 2022 that Cincinnati launched 311Cincy non-emergency service; Fix It Cincy app was rebranded 311 Cincy at the same time (note: O'Byrne 2015 flags Cincinnati as adopted by 2012, possibly reflecting an earlier informal service; Socrata shows 2016).",exact
0636770,Irvine city,CA,308411,no_311,,https://www.cityofirvine.org/public-works/report-issue,official,Irvine uses an online portal and Access Irvine app for service requests but does not operate a 311 phone number.,exact
1253000,Orlando city,FL,307834,unknown,,https://www.orlando.gov/311,official,"The City of Orlando has a 311 service distinct from Orange County's 311 (launched 2005), but Orlando's own 311 launch date could not be confirmed.",exact
4261000,Pittsburgh city,PA,302779,2004,2004.0,https://pittsburghpa.gov/311/,official,Pittsburgh launched its 311 system in 2004.,exact
2965000,St. Louis city,MO,300496,unknown,,https://www.stlouis-mo.gov/government/departments/street/citizens-service-bureau/,official,St. Louis has a long-running Citizens Service Bureau for non-emergency requests; a formal 311 phone number launch year could not be confirmed.,exact
3728000,Greensboro city,NC,296345,unknown,,https://www.greensboro-nc.gov/departments/city-manager-s-office/contact-center,official,Greensboro has a Contact Center (336-373-CITY) for non-emergency requests but whether a formal 311 number is in use and its launch year could not be confirmed.,exact
3436000,Jersey City city,NJ,291949,no_311,,https://www.jerseycitynj.gov/contact,official,Jersey City uses a Resident Response Center for non-emergency requests and does not appear to operate a 311 system.,exact
3128000,Lincoln city,NE,291633,no_311,,https://lincoln.ne.gov/city/uplnk,official,Lincoln uses the UPLNK app (SeeClickFix-based) for service requests and does not operate a 311 phone number.,exact
0203000,Anchorage municipality,AK,290893,2018,2018.0,https://www.adn.com/alaska-news/anchorage/2018/04/15/anchorage-launches-311-line-to-make-it-easier-to-contact-police-in-a-non-emergency/,news,Anchorage launched its 311 non-emergency police line in April 2018 under Mayor Berkowitz.,exact
4858016,Plano city,TX,286408,2011,2011.0,https://www.nbcdfw.com/news/local/fix-it-plano-app-allows-residents-to-report-problems/1984256/,news,"""Fix It Plano"" citizen service app launched in July 2011, per NBC DFW and GovTech reporting.",exact
3719000,Durham city,NC,284444,unknown,,https://icma.org/documents/durham-one-call-center,secondary,"Durham One Call 311 center is documented in an ICMA case study (~2009), but the exact launch year could not be confirmed from available sources.",exact
3611000,Buffalo city,NY,277551,2000,2000.0,https://data.buffalony.gov/stories/s/311-Call-and-Resolution-Center/k7b6-fw5y/,official,City of Buffalo's Open Data portal states the 311 Call and Resolution Center (formerly the Mayor's Complaint Line) was created in July 2000.,exact
0412000,Chandler city,AZ,277345,unknown,,https://www.chandleraz.gov/services,official,Chandler has non-emergency service request channels but the specific 311 launch year could not be found in available sources.,exact
0613392,Chula Vista city,CA,275809,unknown,,https://www.chulavistaca.gov/departments/public-works,official,"Chula Vista uses the ACT Chula Vista citizen service system for service requests, but no 311 launch year was found in available sources.",exact
5548000,Madison city,WI,275204,no_311,,https://www.cityofmadison.com/mayor/initiatives/311,official,Madison was still exploring and planning a 311 system as of 2024; no formal 311 has been launched.,exact
3977000,Toledo city,OH,270276,2015,2015.0,https://toledo.oh.gov/engage-toledo,official,"""Engage Toledo"" launched in October 2015 as Toledo's 24/7 citizen service request platform.",exact
0427400,Gilbert town,AZ,269173,2017,2017.0,https://www.gilbertaz.gov/government/gilbert-311,official,"Gilbert partnered with SeeClickFix to launch ""Gilbert 311"" in May 2017.",exact
3260600,Reno city,NV,264981,2018,2018.0,https://www.washoecounty.gov/311/,news,Washoe County (which serves Reno) launched Washoe311 in May 2018; Reno routes non-emergency requests through this county system.,exact
1825000,Fort Wayne city,IN,264380,2007,2007.0,https://www.cityoffortwayne.org/latest-news/3753-city-celebrate-311-call-center-s-10-years-of-service.html,official,"City of Fort Wayne's official 10-year anniversary press release (May 2017) confirms the 311 Call Center launched in 2007 as the first such center in Indiana, having handled more than 1.5 million calls since inception.",exact
3251800,North Las Vegas city,NV,261214,no_311,,https://www.cityofnorthlasvegas.com/contact,official,North Las Vegas uses its own non-emergency phone number (702-633-9111) and does not route through 311.,exact
1263000,St. Petersburg city,FL,259266,2014,2014.0,https://www.civicplus.com/case-studies/crm/st-pete-plans-for-active-hurricane-season-taps-residents-for-help/,secondary,"St. Petersburg launched a SeeClickFix 311 CRM tool in 2014, per a CivicPlus case study.",exact
4845000,Lubbock city,TX,258013,2009,2009.0,https://www.kcbd.com/story/9674985/lubbock-launches-311-non-emergency-call-line/,news,"KCBD news article ""Lubbock Launches 311 Non-Emergency Call Line"" documents the 2009 launch; the 311 number received more than 100 calls in its first few hours of operation.",exact
4837000,Irving city,TX,256807,unknown,,https://irvingtx.qscend.com/311/,official,"Irving operates a ""Report A Concern"" 311 portal on the Qscend platform, but the launch year could not be confirmed.",exact
4841464,Laredo city,TX,255489,unknown,,https://www.cityoflaredo.com/311/,official,"Laredo's 311 Call Center was operational by at least 2014 per open data records, but the exact launch year could not be confirmed.",exact
3775000,Winston-Salem city,NC,249804,2007,2007.0,https://wstoday.6amcity.com/using-citylink-311,news,Winston-Salem's CityLink 311 citizen service center began operations in 2007.,exact
5116000,Chesapeake city,VA,249781,2017,2017.0,https://www.cinemassive.com/case-studies/city-of-chesapeake-public-safety-operations-center/,secondary,"Chesapeake's Public Safety Operations Center (PSOC), which houses the 311 Non-Emergency Call Center, was completed in December 2017.",exact
0427820,Glendale city,AZ,248949,2019,2019.0,https://www.glendalestar.com/news/article_d0fefa90-51a3-11ea-a7e1-6f869782432e.html,news,"GlendaleOne, the city's 311-style service request app, launched in December 2019.",exact
4829000,Garland city,TX,246311,unknown,,https://www.garlandtx.gov/311,official,"Garland operates a 311 service line for non-emergency city services, but the launch year could not be confirmed from available sources.",exact
0465000,Scottsdale city,AZ,241883,no_311,,https://www.scottsdaleaz.gov/ez,official,Scottsdale does not operate a formal 311 number; it uses a constituent services line (480-312-3111) and the ScottsdaleEZ online portal.,exact
5157000,Norfolk city,VA,237789,unknown,,https://www.norfolk.gov/311,official,"Norfolk's ""Norfolk Cares Center"" is a 311-equivalent service; open data records show activity from November 2014 but the launch year could not be confirmed.",exact
1608830,Boise City city,ID,236034,unknown,,https://www.cityofboise.org/departments/public-works/report-an-issue/,official,Boise uses SeeClickFix for citizen service requests but no formal 311 launch year was found in available sources.,exact
0669088,Santa Clarita city,CA,232406,unknown,,https://www.santa-clarita.com/report,official,"Santa Clarita uses the GOGov Resident Service Center for issue reporting, but no 311 launch year was found in available sources.",exact
0626000,Fremont city,CA,230430,unknown,,https://www.fremont.gov/government/departments/public-works/fremont-app,official,Fremont uses the Fremont App (SeeClickFix-based) for service requests; no dedicated 311 number and no launch year found.,exact
5367000,Spokane city,WA,229205,2017,2017.0,https://my.spokanecity.org/news/stories/2017/02/10/city-of-spokane-launches-my-spokane-311/,official,"Spokane launched ""My Spokane 311"" on February 10, 2017, per a city press release.",exact
5167000,Richmond city,VA,226936,2007,2007.0,http://seeclickfix.blogspot.com/2010/08/richmond-va-311-posting-all-service.html,secondary,"A 2010 article about Richmond's 311 Customer Care Center stated the program launched ""three years ago"" under Mayor Wilder (2005-2009), placing the launch around 2007; Richmond was the first SeeClickFix city to route all 311 requests through that platform.",exact
1230000,Hialeah city,FL,222408,no_311,,https://www.hialeahfl.gov/citizens,official,"Hialeah uses a Citizen Request Tracker (CRT), not a 311 number; Miami-Dade County 311 is a separate service.",exact
0665000,San Bernardino city,CA,222090,unknown,,https://www.sbcity.org/city_hall/departments/public_works,official,No evidence of a formal 311 system for San Bernardino; city uses department-level non-emergency lines.,exact
5370000,Tacoma city,WA,219719,2013,2013.0,https://thesubtimes.com/2023/10/20/city-council-recognizes-10-year-anniversary-of-tacoma-first-311-customer-support-center/,news,TacomaFIRST 311 launched in fall 2013; the City Council recognized the 10th anniversary in October 2023.,exact
0648354,Modesto city,CA,218691,unknown,,https://www.modestogov.com/311,official,"Modesto uses the ""GoModesto!"" service request system; no 311 launch year was found in available sources.",exact
0137000,Huntsville city,AL,216407,2025,2025.0,https://www.itemonline.com/news/311-service-from-city-completes-launch/article_7c11e480-eeeb-11ef-a133-4f0187c0df09.html,news,Huntsville's 311 service completed its launch in February 2025.,exact
1921000,Des Moines city,IA,213826,unknown,,https://www.dmgov.org/government/cityoffices/publicworks/pages/report.aspx,official,Des Moines uses a non-emergency dispatch line (515-283-4811) for service requests; no dedicated 311 system was found in available sources.,exact
3684000,Yonkers city,NY,210994,unknown,,https://www.yonkersny.gov/311,news,Yonkers received a $400K federal grant for a 311 call center in 2009; the actual launch year of its 311 service could not be confirmed.,exact
3663000,Rochester city,NY,210862,1999,1999.0,https://www.cityofrochester.gov/311/,official,Rochester NY launched its 311 system in 1999.,exact
0624680,Fontana city,CA,209177,2022,2022.0,https://www.fontanaheraldnews.com/news/city-unveils-its-new-fontana-311-customer-service-website/article_68df5b72-afd2-11ed-bb39-fb97262bc107.html,news,Fontana launched its Fontana 311 app in December 2022; the city's 311 website was unveiled in February 2023.,exact
3722920,Fayetteville city,NC,209170,unknown,,https://www.fayettevillenc.gov/citizens/fayfixit,official,Fayetteville uses SeeClickFix (FayFixIt) for service requests; records show activity since 2015 but a formal 311 launch year could not be confirmed.,exact
0649270,Moreno Valley city,CA,208868,unknown,,https://www.morenovalleyca.gov/city-hall/departments-divisions/public-works/report-a-concern,official,Moreno Valley uses MoVal 24/7 (GoGov) for service requests; no prior formal 311 launch year was found in available sources.,exact
1319000,Columbus city,GA,207006,2008,2008.0,https://icma.org/documents/city-columbus-ga-311-report,secondary,"An ICMA report on the Columbus, GA 311 Citizen Service Center is dated December 31, 2008 documenting active service with detailed statistics; exact launch year not stated but service was running no later than 2008.",exact
1258715,Port St. Lucie city,FL,206815,no_311,,https://www.cityofpsl.com/1psl,official,"Port St. Lucie uses the ""1PSL"" citizen service system for non-emergency requests and does not operate a 311 number.",exact
2582000,Worcester city,MA,205056,2022,2022.0,https://patch.com/massachusetts/worcester/worcester-start-311-municipal-hotline-nuisance-calls,news,"Worcester launched its 311 municipal hotline in May 2022, per Worcester Patch reporting.",exact
4827684,Frisco city,TX,202754,unknown,,https://www.friscotexas.gov/311,official,Frisco has a citizen service request portal but no dedicated 311 system or verifiable launch year was found in available sources.,exact
0541000,Little Rock city,AR,202634,2004,2004.0,https://www.kark.com/news/local-news/311-city-services-celebrates-two-decades-of-service-to-little-rock-residents/,news,"KARK reported in March 2024 that Little Rock 311 City Services was ""celebrating two decades of service,"" placing the launch around 2004; city sources also confirm the 311 system was part of the 2004 Bond Project (note: Socrata lower bound of 2018 reflects dataset publication date, not launch).",exact
0654652,Oxnard city,CA,201911,2016,2016.0,https://www.tricountysentry.com/articles/oxnard-311-continues-its-service/,news,"Oxnard launched its 311 service in May 2016, per Tri-County Sentry reporting.",exact
4967000,Salt Lake City city,UT,200660,unknown,,https://www.route-fifty.com/management/2011/08/311-app-streamlines-service-requests-in-salt-lake-city/282409/,secondary,Salt Lake City had a 311 system referenced in Route Fifty as of 2011; the exact launch year could not be confirmed from available sources.,exact
4803000,Amarillo city,TX,200526,unknown,,https://www.amarillo.gov/departments/public-works,official,"Amarillo planned a 311 app rollout for October 2016, but no confirmed live launch date was found in available sources.",exact
0107000,Birmingham city,AL,200375,1999,1999.0,https://www.birminghamal.gov/311/,official,Birmingham AL launched its 311 system in 1999.,exact
0151000,Montgomery city,AL,200041,unknown,,https://www.montgomeryal.gov/residents/report-an-issue,official,City of Montgomery's official website confirms 311 service exists for non-emergency city services but no source specifies the original launch year.,exact
2634000,Grand Rapids city,MI,198707,2013,2013.0,https://rapidgrowthmedia.com/120816-grand-rapids-311/,news,"GR311 went live on October 1, 2013, per Rapid Growth Media reporting.",exact
0636000,Huntington Beach city,CA,198405,no_311,,https://www.huntingtonbeachca.gov/government/departments/police/,official,Huntington Beach uses a direct non-emergency police number for non-emergency service requests; no 311 system was found.,exact
1270600,Tallahassee city,FL,197933,no_311,,https://www.talgov.com/residents/residents.aspx,official,Tallahassee uses the DigiTally app and a direct CDA non-emergency number for service requests; no 311 system was found.,exact
2053775,Overland Park city,KS,197734,unknown,,https://www.opkansas.org/services/op-cares/,official,"Overland Park has the OPCares citizen service portal, but no specific launch year was found in available sources.",exact
4845744,McKinney city,TX,197497,unknown,,https://www.mckinneytexas.org/services,official,No evidence of a formal dedicated 311 system was found for McKinney; city uses departmental contacts for non-emergency service requests.,exact
4830464,Grand Prairie city,TX,196255,2022,2022.0,https://cityofgp.com/culture-community/news-events/news/other/city-launches-311-service-april-19,official,"Grand Prairie launched its 311 service on April 19, 2022, per a city press release.",exact
0630000,Glendale city,CA,195934,no_311,,https://www.glendaleca.gov/government/departments/community-services-and-parks,official,"Glendale CA uses a direct ""City Service Line"" (818-550-4400) for non-emergency requests; no 311 number or system was found.",exact
1210275,Cape Coral city,FL,195422,unknown,,https://www.capecoral.gov/department/information_technology/citizen_services.php,official,Cape Coral has a 311 call center with a software update in 2022; the original launch year could not be confirmed.,exact
4659020,Sioux Falls city,SD,193437,2019,2019.0,https://siouxfalls.org/news/2020/03/11/onelink-bday,official,"Sioux Falls launched the OneLink 311 mobile app in 2019, celebrating its first anniversary in March 2020.",exact
0454050,Peoria city,AZ,191997,no_311,,https://www.peoriaaz.gov/residents/utilities,official,Peoria AZ uses MyPeoriaAZ app and a direct non-emergency number for service requests; no 311 system was found.,exact
4740000,Knoxville city,TN,191446,2005,2005.0,https://www.knoxvilletn.gov/government/city_departments_offices/311/about_311_and_211,official,"City of Knoxville's official 311 page confirms the service launched in May 2005, operated by the Center for Service Innovation, and was the eighth 311 system to go live in the nation.",exact
5374060,Vancouver city,WA,191278,2015,2015.0,https://www.columbian.com/news/2015/sep/21/no-emergency-you-can-call-311/,news,"CRESA soft-launched the 311 non-emergency service for Vancouver WA in September 2015, per The Columbian.",exact
4459000,Providence city,RI,190745,2017,2017.0,https://www.providenceri.gov/mayor-elorza-launches-3-1-1-hotline-mobile-app-service-requests/,official,City of Providence official press release documents Mayor Elorza launching the 3-1-1 hotline and PVD311 mobile app through the Mayor's Center for City Services in 2017.,exact
3901000,Akron city,OH,190146,2017,2017.0,https://signalakron.org/311-app-hotline-give-akron-residents-direct-path-to-request-city-services/,news,"Signal Akron reports Akron's 311 phone hotline and website launched in 2017; MyAkron311 mobile app was added in January 2024 (note: O'Byrne 2015 flags Akron as adopted by 2012, possibly reflecting a predecessor call-center service).",exact
4810768,Brownsville city,TX,187004,no_311,,https://www.cob.us/index.aspx,official,Brownsville operates a 546-HELP non-emergency line instead of 311 for non-emergency service requests.,exact
2270000,Shreveport city,LA,186848,unknown,,https://www.ksla.com/2024/10/15/shreveport-launch-new-resource-app-port-city-311/,news,"Shreveport has a 311 service; a ""Port City 311"" app launched in October 2024, but the original 311 launch year could not be confirmed.",exact
0150000,Mobile city,AL,186621,unknown,,https://www.cityofmobile.org/departments/city-of-mobile-311/,official,"City of Mobile official 311 page confirms the service exists but does not state a launch year; a November 2011 GCN article references adding a mobile app to Mobile's existing 311 system, suggesting launch was at or before 2011.",exact
5156000,Newport News city,VA,186047,2013,2013.0,https://oysterpointer.net/newport-news-311-an-asset-to-the-city/,news,"Newport News 311 Contact Center opened in March 2013, per the Oyster Pointer.",exact
0473000,Tempe city,AZ,185328,2012,2012.0,https://www.wranglernews.com/2012/06/16/tempe-311-one-stop-city-services/,news,Tempe 311 is described as an existing service by a June 2012 news article; the mobile app launched in 2013.,exact
1224000,Fort Lauderdale city,FL,182892,unknown,,https://www.fortlauderdale.gov/departments/public-works/lauderserv-311,official,Fort Lauderdale uses the LauderServ/311 portal for non-emergency service requests; no original launch year was found.,exact
4714000,Chattanooga city,TN,181568,2003,2003.0,https://www.timesfreepress.com/news/2019/mar/11/chattanooga-success-311-service/,news,"Chattanooga Times Free Press reports that Chattanooga launched its 311 Service Center on February 6, 2003, making it one of the first mid-size US cities to implement a ""One Call to City Hall"" program.",exact
1703012,Aurora city,IL,180215,2025,2025.0,https://www.shawlocal.com/kane-county-chronicle/2025/03/11/city-of-aurora-launches-myaurora-311-for-improved-customer-service/,news,"Aurora IL officially launched myAurora 311 on March 11, 2025, per Shaw Local reporting.",exact
0670098,Santa Rosa city,CA,177959,no_311,,https://www.srcity.org/services,official,Santa Rosa uses direct department phone numbers and a citizen permit portal for service requests; no 311 system was found.,exact
4123850,Eugene city,OR,177428,no_311,,https://www.eugene-or.gov/contact,official,Eugene uses a non-emergency phone number (541-682-5111) for service requests and does not operate a 311 system.,exact
0622020,Elk Grove city,CA,176569,unknown,,https://www.elkgrovecity.org/services/online_services/seeclickfix,official,Elk Grove uses SeeClickFix for citizen issue reporting; no specific launch year was found.,exact
4164900,Salem city,OR,175942,no_311,,https://www.cityofsalem.net/community/residents/report-a-concern,official,Salem OR uses a non-emergency phone number (503-588-6123) and online reporting; no 311 system was found.,exact
0653896,Ontario city,CA,175712,unknown,,https://www.ontarioca.gov/,official,"Ontario CA has a 311 service for non-emergency requests, but no specific launch year was found in available sources.",exact
3710740,Cary town,NC,174778,2020,2020.0,https://www.carync.gov/Home/Components/News/News/15210/,official,"311Cary launched on January 2, 2020 as the first 311 system in the Triangle area, per a Town of Cary press release.",exact
0659451,Rancho Cucamonga city,CA,174683,no_311,,https://www.cityofrc.us/rc2go,official,Rancho Cucamonga uses the RC2GO app for issue reporting; no 311 phone number or system was found.,exact
0653322,Oceanside city,CA,173965,unknown,,https://www.ci.oceanside.ca.us/gov/pw/report_a_problem.asp,official,Oceanside uses SeeClickFix for citizen reporting but directs non-emergency calls to the police non-emergency line; no formal 311 launch year was found.,exact
0640130,Lancaster city,CA,173094,unknown,,https://www.cityoflancasterca.org/inform-lancaster,official,"Lancaster uses the ""Inform Lancaster"" app for service requests; no 311 number or launch year was found.",exact
0629000,Garden Grove city,CA,171863,unknown,,https://www.ci.garden-grove.ca.us/services,official,Garden Grove uses SeeClickFix for citizen reporting; no dedicated 311 number or launch year was found.,exact
1255775,Pembroke Pines city,FL,171073,unknown,,https://www.ppines.com/1045/Resident-Services,official,Pembroke Pines uses SeeClickFix for citizen service requests; no dedicated 311 number or launch year was found.,exact
0827425,Fort Collins city,CO,169982,2011,2011.0,https://collegian.com/articles/news/2022/04/category-news-access-fort-collins-a-place-for-all-your-questions-and-requests/,news,"""Access Fort Collins"" citizen service system was created in 2011, per Rocky Mountain Collegian reporting.",exact
2970000,Springfield city,MO,169177,unknown,,https://www.springfieldmo.gov/1127/Citizen-Resource-Center,official,Springfield MO has a Citizen Resource Center (417-864-1010) and GoSpringfieldMO app for service requests; no formal 311 launch year was found.,exact
0655156,Palmdale city,CA,168895,no_311,,https://www.cityofpalmdale.org/contact,official,No 311 system was found for Palmdale; city uses direct department phone numbers for service requests.,exact
4715160,Clarksville city,TN,167509,2017,2017.0,https://www.cityofclarksville.com/311/,official,Clarksville TN launched its 311 system in 2017.,exact
0664224,Salinas city,CA,163391,unknown,,https://salinasca.qscend.com/311,official,Salinas has a 311 portal on the Qscend platform; no specific launch year was found.,exact
0633000,Hayward city,CA,162666,unknown,,https://www.hayward-ca.gov/community-services,official,"Hayward has an ""Access Hayward"" citizen service system; no specific launch year was found.",exact
3457000,Paterson city,NJ,159323,unknown,,https://www.pattersonnj.gov/services,official,Paterson uses SeeClickFix for citizen service requests; no dedicated 311 number or launch year was found.,exact
5101000,Alexandria city,VA,159139,2020,2020.0,https://www.alxnow.com/2025/12/15/alexandria-launches-updated-alex311-customer-service-portal-app/,news,"Alex311 launched in February 2020, replacing the prior Call.Click.Connect system, per ALXnow reporting.",exact
0616350,Corona city,CA,157468,unknown,,https://311.coronaca.gov,official,Corona operates a Citizen 311 portal (311.coronaca.gov); no specific launch year was found in available sources.,exact
1349008,Macon-Bibb County,GA,157035,2012,2012.0,https://www.gatewaymacon.org/about-macon-ga/news-and-press.cms/2013/30/macon-increases-public-engagement-through-seeclickfix,news,"Macon-Bibb County launched SeeClickFix in April 2012 as a 311-style citizen service request system, funded by a $5,000 Knight Fund grant.",exact
2036000,Kansas City city,KS,156298,unknown,,https://www.wycokck.org/Departments/311-Call-Center,official,The Unified Government of Wyandotte County and Kansas City KS operates a 311 Call Center; expanded to 24/7 service in 2021 but original launch year not verifiable.,exact
0843000,Lakewood city,CO,156247,unknown,,https://cityoflakewood.us/mylakewood311/,official,Lakewood operates MyLakewood311 for citizen service requests; no specific launch year was found.,exact
2567000,Springfield city,MA,155280,2008,2008.0,https://www.springfield-ma.gov/cos/fileadmin/flyers/About_311.pdf,official,City of Springfield official document (March 2009 CitiStat report) states the 311 Center was created in September 2008; Springfield was the first community in western Massachusetts to use the 3-1-1 number.,exact
0677000,Sunnyvale city,CA,155250,unknown,,https://seeclickfix.com/sunnyvale,secondary,"Sunnyvale uses SeeClickFix for citizen service requests with activity dating to at least 2017, but no specific launch year was found.",exact
4751560,Murfreesboro city,TN,153757,unknown,,https://www.murfreesborotn.gov/,official,No evidence of a formal 311 system in Murfreesboro; city lists departmental contacts but no dedicated 311 service or launch year was found.,exact
4839148,Killeen city,TX,153735,unknown,,https://www.killeen311.com/,official,Killeen operates killeen311.com and the Killeen Connect app (SeeClickFix) for service requests; no specific launch year was found.,exact
2836000,Jackson city,MS,152997,2011,2011.0,https://www.jacksonfreepress.com/news/2011/apr/04/city-rolls-out-311-call-system/,news,"Jackson Free Press reported April 4, 2011 that Mayor Harvey Johnson Jr. launched the city's 311 system with six employees taking calls from the Eudora Welty Library after the state PSC approved use of the 3-1-1 number.",exact
1232000,Hollywood city,FL,152802,unknown,,https://www.hollywoodfl.org/616/Services,official,City of Hollywood FL provides customer services online but no dedicated 311 system or specific launch year was found.,exact
5305210,Bellevue city,WA,151780,2013,2013.0,https://data.bellevuewa.gov/datasets/mybellevue-311-dashboard,official,"Bellevue launched the MyBellevue app and citizen request portal in 2013, handling requests for streetlights, potholes, and other city issues.",exact
4856000,Pasadena city,TX,151368,no_311,,none,official,No dedicated 311 system was found for Pasadena TX; city uses departmental phone numbers and online contacts.,exact
0622804,Escondido city,CA,151014,unknown,,https://escondido.gov/722/Online-Reporting-System,official,"Escondido uses the ""Report It!"" (CitySourced) online reporting system; no dedicated 311 number and no launch year was found.",exact
0658072,Pomona city,CA,150984,no_311,,none,official,Pomona CA uses a traditional non-emergency dispatch number (909-622-1241) and departmental contacts; no dedicated 311 system was identified.,exact
4513330,Charleston city,SC,150872,unknown,,https://www.charleston-sc.gov/1884/Citizen-Services-Desk,official,"Charleston operates a Citizen Services Desk reachable at 843-724-7311, but no specific launch year for the service was found.",exact
1738570,Joliet city,IL,150251,2021,2021.0,https://www.joliet.gov/Home/Components/News/News/3452/,official,"City of Joliet launched CitizenVUE, a citizen engagement service request app, on April 7, 2021, replacing prior service request methods.",exact
4847892,Mesquite city,TX,149627,no_311,,none,official,No dedicated 311 system was found for Mesquite TX; city uses traditional non-emergency departmental phone numbers.,exact
1751622,Naperville city,IL,149419,no_311,,none,official,"No citywide 311 system was found for Naperville; the park district uses a ""311 Parks"" internal tracking system (2018) but there is no city-operated 311 line.",exact
1765000,Rockford city,IL,148670,unknown,,https://icma.org/documents/rockford-il-311-call-center-services,secondary,"ICMA documents reference Rockford IL 311 Call Center Services and the city has a Customer Service department, but no specific launch year was found.",exact
0662938,Roseville city,CA,148516,unknown,,https://www.roseville.ca.us/residents/my_r_s_v_l,official,Roseville operates a myRSVL service request portal for residents; no specific launch year was found.,exact
0908000,Bridgeport city,CT,147717,2012,2012.0,https://patch.com/connecticut/bridgeport/mayor-ganim-launches-bridgeport-311-citizen-reporting-tool,news,"Bridgeport launched the BConnected citizen reporting app in 2012 under Mayor Finch; replaced in 2016 by ""Bridgeport 311"" (SeeClickFix) under Mayor Ganim.",exact
1369000,Savannah city,GA,147456,2006,2006.0,http://www.savannahtribune.com/articles/citys-311-line-extends-hours-to-better-serve-citizens/,news,"The Savannah Tribune states ""Launched in 2006, 311 is designed to make City services more accessible to citizens,"" describing 311 as a central non-emergency contact replacing numerous individual department numbers.",exact
3673000,Syracuse city,NY,146726,unknown,,https://www.syr.gov/Departments/Public-Works/SYRCityline,official,Syracuse operates SYRCityline (SeeClickFix) for citizen service requests; a new mobile app launched in August 2021 but the original service launch year was not found.,exact
0680000,Torrance city,CA,146442,no_311,,none,official,No dedicated 311 system was found for Torrance CA; city lists departmental contacts without a unified 311 service.,exact
0471510,Surprise city,AZ,144407,unknown,,https://surpriseaz.gov/880/Service-Requests-My-Surprise-App,official,"Surprise operates the ""My Surprise"" app (CitySourced) for citizen service requests; no specific launch year was found.",exact
0628000,Fullerton city,CA,143267,no_311,,none,official,No dedicated 311 system was found for Fullerton CA; city uses a service request form via Public Works (714-738-6897) but no 311 service.,exact
4845384,McAllen city,TX,142404,unknown,,https://www.mcallen.net/departments/311,official,McAllen operates a 311 call center and mobile app (CitySourced) for citizen requests; no specific launch year was found.,exact
1225175,Gainesville city,FL,142245,2015,2015.0,https://www.wuft.org/news/2015/07/22/gainesville-launches-online-mobile-service-for-non-emergency-reporting/,news,"WUFT news article (July 22, 2015) reports the City of Gainesville launched its 311GNV online and mobile non-emergency reporting service on that date; later rebranded as myGNV in 2019 (note: Socrata lower bound was 2016, consistent with post-launch open data publication).",exact
0877290,Thornton city,CO,142185,unknown,,https://thorntonco.qscend.com/311/,official,"Thornton operates ""My Thornton"" on the Qscend 311 platform for citizen service requests; no specific launch year was found.",exact
0682954,Visalia city,CA,141771,unknown,,https://www.visalia.gov/311/Department-Overview,official,Visalia has a dedicated 311 Department with its own city website section; no specific launch year was found.,exact
2052575,Olathe city,KS,141586,unknown,,https://www.olatheks.gov/services/olatheconnect,official,Olathe operates OlatheConnect as a 24/7 virtual city hall service request system; active as of 2019 but no launch year was found.,exact
4819972,Denton city,TX,141107,2025,2025.0,https://www.cityofdenton.com/CivicAlerts.aspx?AID=1009,official,"City of Denton officially launched its 311 Contact Center on April 21, 2025 as a 24/7 single point of contact for non-emergency city services.",exact
4876000,Waco city,TX,140541,unknown,,https://www.waco-texas.com/Departments/MyWaco-Central,official,Waco operates MyWaco Central (CitySourced) for citizen service requests; no specific launch year for a formal 311 system was found.,exact
4983470,West Valley City city,UT,139973,no_311,,none,official,No dedicated 311 system was found for West Valley City UT; city uses departmental phone contacts and a general contact form.,exact
0653980,Orange city,CA,139451,unknown,,https://www.cityoforange.org/residents/orange-24-7,official,"City of Orange operates ""Orange 24/7"" app for service requests; no launch year or evidence of a formal 311 phone number was found.",exact
2684000,Warren city,MI,139122,unknown,,https://warrenmi.qscend.com/311/,official,"Warren operates ""311Warren"" on the Qscend platform for citizen service requests; no specific launch year was found.",exact
0656000,Pasadena city,CA,138462,2009,2009.0,https://pasadenanow.com/main/city-launches-information-services-hotline,news,"Pasadena launched its 311 Citizen Service Center on January 24, 2009, handling approximately 75,000 calls annually.",exact
1912000,Cedar Rapids city,IA,137758,unknown,,https://www.cedar-rapids.org/mycr/,official,"Cedar Rapids operates ""My CR"" for non-emergency service requests; no specific 311 launch year was found.",exact
3921000,Dayton city,OH,137496,2014,2014.0,https://www.daytondailynews.com/news/new-dayton-app-helps-city-deliver-services/k9mx2vkmwQdVoGfrMKUxdI/,news,"Dayton launched the ""Dayton Delivers"" non-emergency service request app in January 2014 following a late-2013 resident beta test.",exact
5135000,Hampton city,VA,137280,unknown,,https://www.cga.ct.gov/2002/olrdata/et/rpt/2002-R-0205.htm,secondary,"A February 2002 Connecticut General Assembly report lists Hampton VA among jurisdictions already operating a 311 system, noting Hampton was the first locality in Virginia to launch a centralized 311 call center; exact launch year not found.",exact
3421000,Elizabeth city,NJ,136677,no_311,,none,official,No dedicated 311 system was found for Elizabeth NJ; city lists departmental contacts without a unified 311 service.,exact
5335415,Kent city,WA,136592,unknown,,https://www.kentwa.gov/pay-and-apply/kentworks,official,"Kent operates the ""KentWorks"" app for non-emergency citizen service requests; no specific launch year was found.",exact
4516000,Columbia city,SC,136195,2012,2012.0,https://www.thecolumbiastar.com/articles/city-announces-new-customer-care-center-and-24-hour-hotline/,news,"The Columbia Star reports that starting July 1, 2012 the City of Columbia launched its Customer Care Center with a 24-hour hotline at 545-3300, to which all local 311 calls in the Midlands are forwarded.",exact
0973000,Stamford city,CT,135462,unknown,,https://www.stamfordct.gov/government/departments/operations/citizen-service-bureau,official,Stamford has a Citizen's Service Bureau with a FixIt portal for service requests; no specific 311 launch year was found.,exact
0682590,Victorville city,CA,134638,2025,2025.0,https://www.vvng.com/victorville-launches-victorville-now-app-to-streamline-non-emergency-service-requests/,news,"Victorville launched the ""Victorville NOW"" app for non-emergency service requests in July 2025, per Victor Valley News.",exact
1245975,Miramar city,FL,134516,unknown,,https://seeclickfix.com/miramar,official,Miramar uses SeeClickFix for citizen service requests; no specific launch year was found.,exact
1214400,Coral Springs city,FL,134168,unknown,,https://www.coralsprings.org/residents/resident-services,official,"Coral Springs has a ""My Coral Springs"" service request portal; no specific launch year was found.",exact
2676460,Sterling Heights city,MI,134059,unknown,,https://seeclickfix.com/sterling-heights,secondary,"Sterling Heights uses SeeClickFix (""Sterling Connect"") for service requests; no specific launch year was found.",exact
4813024,Carrollton city,TX,133552,no_311,,https://www.cityofcarrollton.com/residents,official,Carrollton TX uses a non-emergency line (972-466-3333) and SeeClickFix for service requests; no formal 311 branding or system was found.,exact
4848072,Midland city,TX,132890,2024,2024.0,https://www.facebook.com/CityofMidlandTX/posts/since-launching-seeclickfix-in-mid-2024-the-city-of-midland-has-responded-to-mor/1318506586973431/,news,"Midland launched SeeClickFix for citizen requests in mid-2024; the City of Midland Facebook page confirmed 13,000+ requests responded to since launch.",exact
0952000,New Haven city,CT,129757,unknown,,https://www.newhavenindependent.org/2007/10/12/311_hotline_gains_approval/,news,New Haven aldermen approved a 311 hotline in October 2007; the actual launch date of the service could not be confirmed from available sources.,exact
0669084,Santa Clara city,CA,128588,unknown,,https://www.santaclaraca.gov/residents/services/mysantaclara-app,official,"Santa Clara has the ""MySantaClara"" app for citizen service requests; no 311 phone number or launch year was found.",exact
4052500,Norman city,OK,128161,no_311,,https://www.normanok.gov/city-services/action-center,official,Norman OK uses an Action Center phone/portal (405-366-5396) for service requests; no formal 311 system was found.,exact
0678582,Thousand Oaks city,CA,126824,unknown,,https://www.toaks.org/residents/report-a-problem,official,Thousand Oaks uses MaintStar Mobile Citizen and SeeClickFix for service requests; no specific launch year or formal 311 number was found.,exact
2071000,Topeka city,KS,126437,2025,2025.0,https://www.ksnt.com/news/local-news/topeka-rolls-out-new-311-hotline/,news,"Topeka announced and rolled out a new 311 hotline on March 25, 2025, per KSNT news; previously used SeeClickFix CRM.",exact
4842508,Lewisville city,TX,126422,unknown,,https://www.cityoflewisville.com/ourlewisvilletx,official,"Lewisville uses the ""ourLewisvilleTX"" app (CitySourced) for service requests; no specific launch year was found.",exact
0672016,Simi Valley city,CA,126343,unknown,,https://seeclickfix.com/simi-valley,secondary,Simi Valley uses SeeClickFix for citizen service requests; no specific launch year was found.,exact
2915670,Columbia city,MO,126307,2020,2020.0,https://www.komu.com/news/311-non-emergency-call-line-launches-for-boone-county/article_e7b424e3-ab4f-52b4-99b6-ebb0509f37e5.html,news,"Boone County (which serves Columbia MO) launched a 311 non-emergency call line in November 2020, per KOMU news.",exact
4856348,Pearland city,TX,125996,unknown,,https://www.pearlandtx.gov/connect2pearland,official,"Pearland uses the ""Connect2Pearland"" app (CitySourced) for citizen service requests; no specific launch year was found.",exact
3825700,Fargo city,ND,125986,unknown,,https://www.fargond.gov/city-government/departments/311,official,"Fargo uses a ""FargoOne"" service platform for non-emergency requests; no specific 311 launch year was found.",exact
0681666,Vallejo city,CA,125894,2013,2013.0,https://gov.seeclickfix.com/solutions/vallejo-ca-usa/,secondary,"Vallejo adopted SeeClickFix in late 2013; Code Enforcement began using it as its 311 platform then, per a SeeClickFix case study.",exact
4202000,Allentown city,PA,125727,2025,2025.0,https://www.wfmz.com/news/area/lehighvalley/lehigh-county/allentown-area/allentown-unveils-new-311-system-for-residents-to-report-non-emergency-issues-quickly/article_a5622c42-926e-4605-beb6-f08275ea5e07.html,news,"Allentown unveiled a new 311 system on November 7, 2025, per WFMZ and an official city press release.",exact
4801000,Abilene city,TX,125417,unknown,,https://www.abilenetx.gov/services,official,Abilene uses SeeClickFix and direct department lines for service requests; no formal 311 system or launch year was found.,exact
0616000,Concord city,CA,125286,unknown,,https://www.concordca.gov/residents/report-a-problem,official,"Concord CA uses the ""Concord Connect"" app (PublicStuff) for citizen service requests; no specific launch year was found.",exact
0803455,Arvada city,CO,124343,unknown,,https://arvada.org/residents/ask-arvada,official,"Arvada uses ""Ask Arvada"" 311 CRM (Comcate platform) for service requests; no specific launch year was found.",exact
0606000,Berkeley city,CA,124205,2009,2009.0,https://www.berkeleydailyplanet.com/issue/2009-11-25/article/34156,news,"The Berkeley Daily Planet (November 25, 2009) reports the City of Berkeley officially launched its 311 call center at the November 17, 2009 City Council meeting after a pilot period in which 65,000 calls were received.",exact
2603000,Ann Arbor city,MI,123611,2014,2014.0,https://annarborobserver.com/a2-fix-it/,news,"""A2 Fix It"" (SeeClickFix) went online in July 2014, per Ann Arbor Observer reporting.",exact
2935000,Independence city,MO,122899,unknown,,https://www.independencemo.gov/indepnow,official,"Independence MO uses the ""IndepNow"" app (CitySourced) for citizen service requests; no specific launch year was found.",exact
2754880,Rochester city,MN,121575,2024,2024.0,https://www.rochestermn.gov/Home/Components/News/News/9565/1121,official,"Rochester MN launched its 311 service in October 2024, per an official city announcement.",exact
4815976,College Station city,TX,120771,no_311,,none,official,College Station uses SeeClickFix and a direct non-emergency line (979-764-3600) for service requests; no formal 311 system was found.,exact
0614218,Clovis city,CA,120770,no_311,,none,official,No formal 311 system was found for Clovis CA; city uses GOGov and direct department lines for service requests.,exact
4863500,Round Rock city,TX,120549,unknown,,https://www.roundrocktexas.gov/services,official,Round Rock has a city services portal for requests; no formal 311 system or specific launch year was found.,exact
1254000,Palm Bay city,FL,120163,unknown,,https://www.palmbayfl.gov/services,official,Palm Bay uses SeeClickFix and a non-emergency line for service requests; no formal 311 launch year was found.,exact
0623182,Fairfield city,CA,119833,unknown,,https://www.fairfield.ca.gov/services/report-an-issue,official,"Fairfield uses ""MyFairfieldCA"" and SeeClickFix for service requests; no specific launch year was found.",exact
0937000,Hartford city,CT,119798,unknown,,https://www.hartfordct.gov/Government/Departments/Hartford-311,official,"Hartford's official 311 page confirms an active non-emergency call center; open data records show service requests back to at least 2018, but no source specifies the original launch year.",exact
1652120,Meridian city,ID,119443,no_311,,none,official,No 311 system was found for Meridian ID; city uses direct department lines (208-888-5242) for service requests.,exact
4861796,Richardson city,TX,119299,unknown,,https://www.cor.net/departments/city-manager-s-office/24-7-response-center,official,"Richardson TX has a ""24/7 Response Center"" (972-744-4111) and online reporting; no formal 311 launch year was found.",exact
2511000,Cambridge city,MA,118218,unknown,,https://seeclickfix.com/cambridge,secondary,Cambridge uses SeeClickFix for 311 citizen service requests; no specific launch year was found.,exact
1276600,West Palm Beach city,FL,117507,unknown,,https://seeclickfix.com/west-palm-beach,secondary,West Palm Beach uses SeeClickFix; SeeClickFix records show activity from 2013 but no formal 311 launch year was found.,exact
1822000,Evansville city,IN,117373,unknown,,https://www.evansvilleindiana.gov/departments/public-works,official,Evansville has a 311 submission form for potholes and other issues; no dedicated citywide 311 launch year was found.,exact
1212875,Clearwater city,FL,117333,2014,2014.0,https://apps.apple.com/us/app/clearwater-connect/id864135143,secondary,"""Clearwater Connect"" app version 3.2 was released on 09/24/2014, indicating the platform launched approximately in 2014.",exact
3006550,Billings city,MT,117224,no_311,,none,official,No 311 system was found for Billings MT; city uses a non-emergency police line (406-657-8200) and direct department contacts.,exact
4982950,West Jordan city,UT,117032,2018,2018.0,https://www.deseret.com/2018/8/27/20652053/w-jordan-launches-new-service-request-web-page/,news,"West Jordan launched a new SeeClickFix-based service request web page in August 2018, per Deseret News.",exact
0883835,Westminster city,CO,116594,unknown,,https://www.cityofwestminster.us/Residents/AskWestminster,official,"Westminster CO uses SeeClickFix ""Access Westminster"" for service requests; no specific launch year was found.",exact
0660620,Richmond city,CA,116196,unknown,,https://seeclickfix.com/richmond,secondary,Richmond CA has SeeClickFix for citizen reporting; no formal 311 branding or launch year was found.,exact
3774440,Wilmington city,NC,115770,unknown,,https://seeclickfix.com/wilmington-nc,secondary,Wilmington NC uses SeeClickFix for citizen service requests; no specific launch year was found.,exact
4550875,North Charleston city,SC,115551,no_311,,none,official,South Carolina cities generally do not operate 311 systems; North Charleston uses non-emergency phone numbers and has no formal 311 deployment.,exact
3345140,Manchester city,NH,115508,2017,2017.0,https://manchester.inklink.news/manchester-connect-see-click-fix-app-serves-as-a-city-wide-neighborhood-watch-group/,news,"Manchester NH launched ""Manchester Connect"" SeeClickFix approximately in 2017, per Manchester Ink Link reporting.",exact
2537000,Lowell city,MA,115462,2025,2025.0,https://www.lowellma.gov/CivicAlerts.aspx?AID=912,official,"Lowell 311 (Tyler ESR system) launched publicly on March 10-11, 2025, per a city CivicAlerts announcement.",exact
0602252,Antioch city,CA,115379,unknown,,https://seeclickfix.com/antioch,secondary,Antioch CA uses SeeClickFix for citizen service requests; no specific launch year was found.,exact
4962470,Provo city,UT,115103,2012,2012.0,https://www.provo.gov/179/311-Customer-Service,official,"Provo recognized the need for a 311 customer service department in 2012 and formalized the service that year, per the city's official 311 page.",exact
4853388,Odessa city,TX,114926,no_311,,none,official,No 311 system was found for Odessa TX; city uses direct non-emergency phone numbers for service requests.,exact
0611194,Carlsbad city,CA,114924,no_311,,none,official,Carlsbad CA uses a non-emergency police line (442-339-2197) and has no formal 311 system.,exact
4807000,Beaumont city,TX,114857,unknown,,https://www.beaumonttexas.gov/311,official,"Beaumont has a 311 service that was operational by at least 2012, but the exact launch year could not be confirmed from available sources.",exact
3731400,High Point city,NC,114846,unknown,,https://seeclickfix.com/high-point,secondary,High Point NC uses SeeClickFix for citizen service requests; no specific launch year was found.,exact
4841980,League City city,TX,114657,unknown,,https://www.leaguecitytx.gov/services,official,League City TX has a 311-branded Citizen Request Tracker for service requests; no specific launch year was found.,exact
1723074,Elgin city,IL,114617,2014,2014.0,https://www.dailyherald.com/20140307/news/elgin-launches-new-311-contact-center/,news,"Elgin IL launched a new 311 Contact Center quietly in January 2014, per Daily Herald reporting on March 7, 2014.",exact
4131250,Gresham city,OR,114470,unknown,,https://greshamoregon.gov/my-gresham/,official,"Gresham OR has the ""My Gresham"" service request app for citizens; no specific launch year was found.",exact
1772000,Springfield city,IL,114298,unknown,,https://www.springfield.il.us/,official,No evidence of a dedicated 311 system was found for Springfield IL; city uses departmental contact numbers.,exact
0619766,Downey city,CA,113964,unknown,,https://www.downeyca.org/our-city/departments/community-development/citizen-request,official,"Downey CA has ""Downey Connect"" (GoGov) citizen request app; no specific launch year was found.",exact
4009050,Broken Arrow city,OK,113928,no_311,,none,official,"Broken Arrow OK uses a ""My Broken Arrow Action Center"" app for service requests but no formal 311 phone number or system was found.",exact
1238250,Lakeland city,FL,113888,unknown,,https://www.lakelandgov.net/departments/citizens-action-center/,official,Lakeland FL has a Citizens Action Center for non-emergency service requests; no specific launch year was found.,exact
0980000,Waterbury city,CT,113880,unknown,,https://www.waterburyct.org/311,official,Waterbury has a Citizens Service Center/311 for non-emergency requests; no specific launch year was found.,exact
1759000,Peoria city,IL,112845,unknown,,https://seeclickfix.com/peoria-il,secondary,"Peoria IL has ""Peoria Cares"" powered by SeeClickFix for citizen requests; no specific original launch year was found.",exact
2646000,Lansing city,MI,112566,2022,2022.0,https://www.fox47news.com/neighborhoods/downtown-old-town-reo-town/the-city-of-lansing-officially-launches-311-program,news,"Lansing officially launched its ""One Call to City Hall"" 311 program in May 2022, per Fox47 News.",exact
1258050,Pompano Beach city,FL,111957,no_311,,none,official,Pompano Beach FL has no 311 system; non-emergency calls are handled by the Broward Sheriff's Office non-emergency number.,exact
0862000,Pueblo city,CO,111899,no_311,,none,official,"Pueblo CO has no 311 system; its Citizen Access Portal is limited to taxes and permits, not general non-emergency service requests.",exact
0616532,Costa Mesa city,CA,111781,unknown,,https://seeclickfix.com/costa-mesa,secondary,Costa Mesa has a Costa Mesa 311 app (SeeClickFix/CivicApps) for service requests; no specific launch year was found.,exact
3539380,Las Cruces city,NM,111698,2018,2018.0,https://www.tylertech.com/resources/case-studies/las-cruces-nm-brings-mobile-311-to-residents,secondary,"Las Cruces NM brought mobile 311 to residents approximately in mid-2018, per a Tyler Technologies case study.",exact
1245060,Miami Gardens city,FL,111477,unknown,,https://www.miamigardens-fl.gov/185/Public-Service-Programs,official,"Miami Gardens (incorporated 2003) references 311 on its official website but no launch year found; residents also access the countywide Miami-Dade 311 system, complicating attribution of when the city adopted its own service.",exact
0650076,Murrieta city,CA,111146,unknown,,https://seeclickfix.com/murrieta,secondary,"Murrieta uses SeeClickFix ""FixIt"" portal for citizen service requests; no specific launch year was found.",exact
5322640,Everett city,WA,110893,unknown,,https://seeclickfix.com/everett,secondary,"Everett WA has ""Everett at Work"" (SeeClickFix app); no formal 311 number and no specific launch year were found.",exact
4870808,Sugar Land city,TX,110824,2018,2018.0,https://patch.com/texas/sugarland/sugar-land-launches-311-non-emergency-system,news,"Sugar Land launched its 311 Contact Center in March 2018, per Patch.com reporting.",exact
0665042,San Buenaventura (Ventura) city,CA,110620,unknown,,https://www.cityofventura.ca.gov/2299/Ventura-Connects,official,"Ventura issued a 311 CRM RFP in November 2022; ""Ventura Connects"" was active by 2024, but the exact launch year could not be confirmed.",exact
0678120,Temecula city,CA,110094,unknown,,https://seeclickfix.com/temecula,secondary,Temecula uses SeeClickFix for citizen service requests; no dedicated 311 branding or launch year was found.,exact
0669196,Santa Maria city,CA,109782,no_311,,none,official,No 311 system was found for Santa Maria CA; city uses departmental contact numbers for non-emergency service requests.,exact
2621000,Dearborn city,MI,109620,unknown,,https://www.cityofdearborn.org/services,official,Dearborn MI routes non-emergency service calls through 311; the specific year the 311 number was activated could not be confirmed.,exact
0832155,Greeley city,CO,109272,2025,2025.0,https://citizenportal.ai/articles/6138145/Greeley-City/Weld-County/Colorado/Greeley-launches-Innovation-and-High-Performance-department-website-311-and-utility-billing-upgrades-highlighted,news,"Greeley soft-launched a 311 self-service portal in July 2025, per CitizenPortal.ai reporting.",exact
0684200,West Covina city,CA,109153,no_311,,none,official,No 311 system was found for West Covina CA; city uses departmental contact numbers.,exact
0622230,El Monte city,CA,109087,no_311,,none,official,No 311 system was found for El Monte CA; city uses departmental contact numbers for non-emergency service requests.,exact
3268400,Sparks city,NV,108889,unknown,,https://www.washoecounty.gov/311/,secondary,Sparks is served by county-level Washoe311 (public launch ~2018); no city-specific 311 system was found for Sparks.,exact
1372122,South Fulton city,GA,108211,2020,2020.0,https://businessviewmagazine.com/south-fulton-georgia-moving-forward/,secondary,"South Fulton's Citizens Resource Center transitioned to a dedicated 311 number in January 2020, per Business View Magazine.",exact
0812815,Centennial city,CO,108196,unknown,,https://www.centennialco.gov/Online-Services,official,"Centennial has a ""Report-a-Problem"" online portal; no dedicated 311 number or verifiable launch year was found.",exact
1368516,Sandy Springs city,GA,108167,unknown,,https://www.sandyspringsga.gov/news/sandy-springs-launches-sandy-springs-works/,official,"Sandy Springs uses the ""Sandy Springs Works"" platform (replaced prior app June 2024) for service requests; no formal 311 number or launch year was found.",exact
0807850,Boulder city,CO,108123,unknown,,https://bouldercolorado.gov/services,official,"Boulder uses the ""Inquire Boulder"" system for citizen service requests; no dedicated 311 number or verifiable launch year was found.",exact
0636546,Inglewood city,CA,107393,no_311,,https://www.cityofinglewood.org/375/Public-Services-Repair,official,Inglewood CA uses departmental non-emergency phone numbers for service requests; no 311 system was found.,exact
5531000,Green Bay city,WI,107271,unknown,,https://seeclickfix.com/green-bay,secondary,Green Bay uses SeeClickFix for citizen reporting; no dedicated 311 number or verifiable launch year was found.,exact
0608954,Burbank city,CA,107005,2022,2022.0,https://www.burbankca.gov/newsroom/-/newsdetail/20124/burbank-launches-our-burbank-311-mobile-app,official,"Burbank launched ""Our Burbank 311"" mobile app in January 2022, per a city newsroom announcement.",exact
4134100,Hillsboro city,OR,106990,unknown,,https://seeclickfix.com/hillsboro,secondary,Hillsboro OR uses SeeClickFix for citizen reporting; no dedicated 311 number or verifiable launch year was found.,exact
5357745,Renton city,WA,106719,no_311,,https://www.rentonwa.gov/City-Services,official,No 311 system was found for Renton WA; city uses departmental contacts and an online reporting portal.,exact
4874144,Tyler city,TX,106272,unknown,,https://seeclickfix.com/tyler,secondary,Tyler TX uses SeeClickFix for citizen reporting; no dedicated 311 phone number or verifiable launch year was found.,exact
0621712,El Cajon city,CA,106075,2020,2020.0,https://www.businesswire.com/news/home/20200707005041/en/El-Cajon-California-Goes-Live-with-Tyler-Technologies-Citizen-Self-Service-and-Engagement-Solutions,news,El Cajon went live with Tyler Technologies' citizen self-service and 311-integrated MyCivic platform in July 2020.,exact
1216475,Davie town,FL,106030,unknown,,https://seeclickfix.com/davie,secondary,Davie FL uses SeeClickFix for citizen reporting; no dedicated 311 number or verifiable launch year was found.,exact
0668252,San Mateo city,CA,105656,unknown,,https://seeclickfix.com/san-mateo,secondary,San Mateo CA uses SeeClickFix for citizen reporting; no dedicated 311 number or verifiable launch year was found.,exact
4801924,Allen city,TX,105548,unknown,,https://www.cityofallen.org,official,No dedicated 311 system or verifiable launch year was found for Allen TX from available sources.,exact
2509000,Brockton city,MA,105511,unknown,,https://brockton.ma.us/online-services/seeclickfix/,official,Brockton uses SeeClickFix for citizen reporting; no dedicated 311 number or verifiable launch year was found.,exact
0637692,Jurupa Valley city,CA,105356,unknown,,https://www.jurupavalley.org/608/My-Jurupa-Valley-App,official,"Jurupa Valley uses the ""My Jurupa Valley"" GOGov app for citizen service requests; no dedicated 311 number or verifiable launch year was found.",exact
3714100,Concord city,NC,104885,unknown,,https://concordnc.gov/services/311,official,Concord NC has a citizen request portal (concord.mobile311.com); no verifiable launch year was found.,exact
0617918,Daly City city,CA,104858,unknown,,https://www.dalycity.org/439/Daly-City-iHelp,official,"Daly City uses the ""iHelp"" app (App Store listing ~2013) for service requests; no official 311 phone launch year was found.",exact
3563460,Rio Rancho city,NM,104433,no_311,,https://rrnm.gov/2703/Report-Rio-Rancho,official,"Rio Rancho uses the ""Report Rio Rancho"" CitySourced app for service requests; no traditional 311 phone system was found.",exact
0177256,Tuscaloosa city,AL,104217,2007,2007.0,https://www.tuscaloosa.com/posts/2017/06/06/city-of-tuscaloosa-celebrates-311-s-10th-anniversary,news,"Tuscaloosa celebrated 311's 10th anniversary in June 2017, confirming the system launched on June 6, 2007.",exact
0660466,Rialto city,CA,104077,unknown,,https://www.rialtoca.gov/390/Report-a-Concern,official,"Rialto uses SeeClickFix and a ""Report a Concern"" system for service requests; no dedicated 311 number or verifiable launch year was found.",exact
5367167,Spokane Valley city,WA,103531,2018,2018.0,https://www.spokanejournal.com/local-news/spokane-valley-launches-new-infrastructure-reporting-system/,news,"Spokane Valley launched the SVexpress 311 app in 2018, funded through the city's 2018 budget, per the Spokane Journal of Business.",exact
1871000,South Bend city,IN,103335,2013,2013.0,https://www.wndu.com/2023/02/24/south-bends-311-call-center-celebrates-10-year-anniversary/,news,South Bend's 311 call center launched in early 2013 under Mayor Pete Buttigieg; the city celebrated the 10th anniversary in February 2023.,exact
0646842,Menifee city,CA,103228,unknown,,https://www.cityofmenifee.us/121/Report-an-Issue,official,Menifee CA uses a city-built app for service requests; no dedicated 311 number or verifiable launch year was found.,exact
0613014,Chico city,CA,102755,no_311,,https://chicoca.gov,official,No 311 system was found for Chico CA; city uses departmental contacts and online code enforcement reporting only.,exact
4879000,Wichita Falls city,TX,102480,unknown,,https://clients.comcate.com/newrequest.php?id=34,official,"Wichita Falls offers 311 with ""limited availability"" via a Comcate platform and ""Access Wichita Falls"" app; no specific launch year was found.",exact
0652526,Norwalk city,CA,102405,no_311,,https://www.norwalkca.gov/citizen_request_center/index.php,official,Norwalk CA has a Citizen Request Center web form but no dedicated 311 phone system was found.,exact
0681554,Vacaville city,CA,102092,unknown,,https://seeclickfix.com/vacaville,secondary,Vacaville CA uses SeeClickFix for citizen reporting; no dedicated 311 number or verifiable launch year was found.,exact
1919000,Davenport city,IA,101651,2021,2021.0,https://www.kwqc.com/2021/01/12/city-of-davenport-launches-new-citizen-reporting-tool/,news,"Davenport IA launched SeeClickFix as its new citizen reporting/311 tool in January 2021, per KWQC reporting.",exact
2941348,Lee's Summit city,MO,101621,unknown,,https://seeclickfix.com/lees-summit,secondary,Lee's Summit MO uses SeeClickFix for citizen service requests; no dedicated 311 number or verifiable launch year was found.,exact
2555745,Quincy city,MA,101482,unknown,,https://seeclickfix.com/quincy,secondary,Quincy MA uses SeeClickFix (now closed to new requests) for citizen service; no dedicated 311 number or verifiable launch year was found.,exact
1656260,Nampa city,ID,101310,unknown,,https://seeclickfix.com/nampa,secondary,Nampa ID uses SeeClickFix for citizen reporting; no dedicated 311 number or verifiable launch year was found.,exact
2537490,Lynn city,MA,101103,2024,2024.0,https://itemlive.com/2024/03/20/seeclickfix-launches-in-lynn/,news,"Lynn MA officially launched SeeClickFix as its 311 reporting platform in March 2024, per Item Live reporting.",exact
2545000,New Bedford city,MA,100993,2025,2025.0,https://www.newbedford-ma.gov/mayor/news/mayor-launches-nbconnected-citys-new-mobile-app-and-311-system-boost-access-to-non-emergency-services/,official,"Mayor Mitchell launched New Bedford's NBConnected app and 311 phone system on February 11, 2025, per a city press release.",exact
5323515,Federal Way city,WA,100988,unknown,,https://seeclickfix.com/federal-way,secondary,"Federal Way WA uses SeeClickFix (""Eyes on Federal Way"" app) for citizen reporting; no dedicated 311 number or verifiable launch year was found.",exact
4822660,Edinburg city,TX,100711,2021,2021.0,https://myrgv.com/featured/2021/08/26/edinburg-launches-311-app/,news,"Edinburg TX launched its 311 app and dedicated 311 call center on August 26, 2021, per MyRGV.com reporting.",exact
4864472,San Angelo city,TX,100066,no_311,,none,official,No 311 system or equivalent citizen service app was found for San Angelo TX; city uses departmental phone numbers.,exact
