city_raw,state_abbr,adopt_by2012,mayor,pop_2003,violent_crime_2003,damage_2003,pre_label,source
"New York, NY (includes 5 counties)",NY,1.0,1.0,8098066.0,734.1,60.0,adopted_by2012,O'Byrne (2015) Appendix A
"Los Angeles, CA",CA,1.0,1.0,3838838.0,1271.8,77.0,adopted_by2012,O'Byrne (2015) Appendix A
"Chicago, IL",IL,1.0,1.0,2898374.0,,408.0,adopted_by2012,O'Byrne (2015) Appendix A
"Houston, TX",TX,1.0,1.0,2041081.0,1175.3,811.0,adopted_by2012,O'Byrne (2015) Appendix A
"Philadelphia, PA",PA,1.0,1.0,1495903.0,1378.4,52.0,adopted_by2012,O'Byrne (2015) Appendix A
"Phoenix, AZ",AZ,0.0,0.0,1403228.0,692.8,723.0,not_adopted_by2012,O'Byrne (2015) Appendix A
"San Diego, CA",CA,0.0,1.0,1272746.0,578.7,2270.0,not_adopted_by2012,O'Byrne (2015) Appendix A
"Dallas, TX",TX,1.0,0.0,1230302.0,1370.8,103.0,adopted_by2012,O'Byrne (2015) Appendix A
"San Antonio, TX",TX,1.0,0.0,1212789.0,578.7,236.0,adopted_by2012,O'Byrne (2015) Appendix A
"Detroit, MI",MI,1.0,1.0,927766.0,2018.2,234.0,adopted_by2012,O'Byrne (2015) Appendix A
"San Jose, CA",CA,1.0,0.0,909890.0,371.3,333.0,adopted_by2012,O'Byrne (2015) Appendix A
"Indianapolis, IN (City portion of Marion County)",IN,0.0,1.0,800167.0,883.2,132.0,not_adopted_by2012,O'Byrne (2015) Appendix A
"Jacksonville, FL",FL,0.0,1.0,776417.0,866.7,27.0,not_adopted_by2012,O'Byrne (2015) Appendix A
"San Francisco, CA",CA,1.0,1.0,772065.0,741.5,38.0,adopted_by2012,O'Byrne (2015) Appendix A
"Columbus, OH",OH,1.0,1.0,726151.0,855.9,294.0,adopted_by2012,O'Byrne (2015) Appendix A
"Austin, TX",TX,1.0,0.0,682319.0,462.1,379.0,adopted_by2012,O'Byrne (2015) Appendix A
"Charlotte, NC",NC,1.0,0.0,668003.0,1076.9,49.0,adopted_by2012,O'Byrne (2015) Appendix A
"Memphis, TN",TN,0.0,1.0,653858.0,1577.1,141.0,not_adopted_by2012,O'Byrne (2015) Appendix A
"Baltimore, MD",MD,1.0,1.0,644554.0,1735.0,13.0,adopted_by2012,O'Byrne (2015) Appendix A
"Milwaukee, WI",WI,0.0,1.0,594269.0,890.2,329.0,not_adopted_by2012,O'Byrne (2015) Appendix A
"Boston, MA (City portion of Suffolk County)",MA,0.0,1.0,589795.0,1216.2,41.0,not_adopted_by2012,O'Byrne (2015) Appendix A
"Washington, DC",DC,1.0,1.0,563384.0,1568.9,24.0,adopted_by2012,O'Byrne (2015) Appendix A
"El Paso, TX",TX,0.0,1.0,586392.0,597.2,400.0,not_adopted_by2012,O'Byrne (2015) Appendix A
"Seattle, WA",WA,0.0,1.0,576296.0,684.4,1012.0,not_adopted_by2012,O'Byrne (2015) Appendix A
"Denver, City and County of, CO",CO,1.0,1.0,565905.0,597.2,27.0,adopted_by2012,O'Byrne (2015) Appendix A
"Metropolitan Government, TN",TN,1.0,1.0,554888.0,1501.6,1746.0,adopted_by2012,O'Byrne (2015) Appendix A
"Fort Worth, TX",TX,0.0,0.0,576339.0,650.8,222.0,not_adopted_by2012,O'Byrne (2015) Appendix A
"Tucson, AZ",AZ,0.0,0.0,563384.0,1568.9,196.0,not_adopted_by2012,O'Byrne (2015) Appendix A
"Portland, OR",OR,0.0,0.0,545271.0,813.5,2.0,not_adopted_by2012,O'Byrne (2015) Appendix A
"Oklahoma City, OK",OK,0.0,0.0,521681.0,889.8,905.0,not_adopted_by2012,O'Byrne (2015) Appendix A
"Las Vegas, NV",NV,0.0,0.0,517017.0,770.0,93.0,not_adopted_by2012,O'Byrne (2015) Appendix A
"New Orleans, LA",LA,1.0,1.0,475128.0,967.3,7018.0,adopted_by2012,O'Byrne (2015) Appendix A
"Long Beach, CA",CA,0.0,0.0,477368.0,749.7,77.0,not_adopted_by2012,O'Byrne (2015) Appendix A
"Albuquerque, NM",NM,1.0,1.0,468764.0,947.0,16.0,adopted_by2012,O'Byrne (2015) Appendix A
"Cleveland, OH",OH,0.0,1.0,468446.0,1323.5,141.0,not_adopted_by2012,O'Byrne (2015) Appendix A
"Fresno, CA",CA,0.0,0.0,449898.0,779.1,77.0,not_adopted_by2012,O'Byrne (2015) Appendix A
"Kansas City, MO",MO,1.0,0.0,445965.0,1379.3,210.0,adopted_by2012,O'Byrne (2015) Appendix A
"Sacramento, CA",CA,1.0,0.0,439811.0,777.6,20.0,adopted_by2012,O'Byrne (2015) Appendix A
"Virginia Beach, VA",VA,1.0,0.0,439454.0,212.1,35.0,adopted_by2012,O'Byrne (2015) Appendix A
"Mesa, AZ",AZ,0.0,0.0,436569.0,537.4,723.0,not_adopted_by2012,O'Byrne (2015) Appendix A
"Atlanta, GA",GA,0.0,1.0,431043.0,1969.6,130.0,not_adopted_by2012,O'Byrne (2015) Appendix A
"Oakland, CA",CA,0.0,1.0,407003.0,1379.1,88.0,not_adopted_by2012,O'Byrne (2015) Appendix A
"Omaha, NE",NE,0.0,1.0,401692.0,654.0,732.0,not_adopted_by2012,O'Byrne (2015) Appendix A
"Tulsa, OK",OK,0.0,1.0,393907.0,1092.6,136.0,not_adopted_by2012,O'Byrne (2015) Appendix A
"Miami-Dade County, FL (City portion)",FL,1.0,1.0,381651.0,1875.3,4125.0,adopted_by2012,O'Byrne (2015) Appendix A
"Honolulu, HI",HI,0.0,1.0,380149.0,287.9,113.0,not_adopted_by2012,O'Byrne (2015) Appendix A
"Minneapolis, MN",MN,1.0,1.0,378602.0,1193.1,267.0,adopted_by2012,O'Byrne (2015) Appendix A
"Colorado Springs, CO",CO,0.0,0.0,374818.0,462.4,100.0,not_adopted_by2012,O'Byrne (2015) Appendix A
"Wichita, KS",KS,0.0,0.0,356123.0,625.9,490.0,not_adopted_by2012,O'Byrne (2015) Appendix A
"Santa Ana, CA",CA,0.0,0.0,347016.0,515.3,278.0,not_adopted_by2012,O'Byrne (2015) Appendix A
"St. Louis, MO",MO,0.0,1.0,340256.0,2181.9,1110.0,not_adopted_by2012,O'Byrne (2015) Appendix A
"Anaheim, CA",CA,1.0,0.0,336132.0,392.4,278.0,adopted_by2012,O'Byrne (2015) Appendix A
"Arlington, TX",TX,0.0,0.0,335385.0,524.2,222.0,not_adopted_by2012,O'Byrne (2015) Appendix A
"Pittsburgh, PA",PA,1.0,1.0,335302.0,1061.4,137.0,adopted_by2012,O'Byrne (2015) Appendix A
"Cincinnati, OH",OH,0.0,0.0,324297.0,1127.4,156.0,not_adopted_by2012,O'Byrne (2015) Appendix A
"Tampa, FL",FL,0.0,1.0,320908.0,1786.5,1784.0,not_adopted_by2012,O'Byrne (2015) Appendix A
"Raleigh, NC",NC,0.0,0.0,310157.0,646.1,134.0,not_adopted_by2012,O'Byrne (2015) Appendix A
"Toledo, OH",OH,0.0,0.0,309499.0,1028.1,87.0,not_adopted_by2012,O'Byrne (2015) Appendix A
"Aurora, CO",CO,0.0,0.0,288830.0,588.6,196.0,not_adopted_by2012,O'Byrne (2015) Appendix A
"Buffalo, NY",NY,1.0,1.0,288187.0,1361.6,107.0,adopted_by2012,O'Byrne (2015) Appendix A
"St. Paul, MN",MN,0.0,1.0,286281.0,760.8,46.0,not_adopted_by2012,O'Byrne (2015) Appendix A
"Corpus Christi, TX",TX,0.0,0.0,282850.0,870.4,122.0,not_adopted_by2012,O'Byrne (2015) Appendix A
"Newark, NJ",NJ,1.0,1.0,278551.0,980.4,29.0,adopted_by2012,O'Byrne (2015) Appendix A
"Riverside, CA",CA,1.0,0.0,277103.0,691.4,191.0,adopted_by2012,O'Byrne (2015) Appendix A
"Anchorage, AK",AK,0.0,1.0,271085.0,643.3,7.0,not_adopted_by2012,O'Byrne (2015) Appendix A
"Stockton, CA",CA,0.0,0.0,265593.0,1364.9,8.0,not_adopted_by2012,O'Byrne (2015) Appendix A
"Lexington-Fayette, KY",KY,1.0,1.0,265224.0,468.3,14.0,adopted_by2012,O'Byrne (2015) Appendix A
"Bakersfield, CA",CA,0.0,0.0,263707.0,574.1,65.0,not_adopted_by2012,O'Byrne (2015) Appendix A
"St. Petersburg, FL",FL,0.0,0.0,253095.0,1601.8,178.0,not_adopted_by2012,O'Byrne (2015) Appendix A
"Louisville, KY",KY,1.0,1.0,248762.0,795.8,198.0,adopted_by2012,O'Byrne (2015) Appendix A
"Norfolk, VA",VA,0.0,0.0,242077.0,569.7,63.0,not_adopted_by2012,O'Byrne (2015) Appendix A
"Birmingham, AL",AL,1.0,1.0,240176.0,1393.6,1562.0,adopted_by2012,O'Byrne (2015) Appendix A
"Plano, TX",TX,0.0,0.0,241793.0,293.2,32.0,not_adopted_by2012,O'Byrne (2015) Appendix A
"Jersey City, NJ",NJ,0.0,1.0,241443.0,1196.1,7.0,not_adopted_by2012,O'Byrne (2015) Appendix A
"Hialeah, FL",FL,,,,,,unclear,O'Byrne (2015) Appendix A
"Glendale, AZ",AZ,0.0,0.0,235819.0,538.5,723.0,not_adopted_by2012,O'Byrne (2015) Appendix A
"Lincoln, NE",NE,0.0,1.0,233721.0,476.6,133.0,not_adopted_by2012,O'Byrne (2015) Appendix A
"Greensboro, NC",NC,0.0,0.0,230606.0,670.8,152.0,not_adopted_by2012,O'Byrne (2015) Appendix A
"Baton Rouge, LA",LA,1.0,1.0,226391.0,1254.0,918.0,adopted_by2012,O'Byrne (2015) Appendix A
"Garland, TX",TX,0.0,0.0,223061.0,329.5,103.0,not_adopted_by2012,O'Byrne (2015) Appendix A
"Scottsdale, AZ",AZ,0.0,0.0,220697.0,223.4,723.0,not_adopted_by2012,O'Byrne (2015) Appendix A
"Rochester, NY",NY,1.0,1.0,217527.0,935.1,84.0,adopted_by2012,O'Byrne (2015) Appendix A
"Madison, WI",WI,0.0,1.0,216441.0,357.6,178.0,not_adopted_by2012,O'Byrne (2015) Appendix A
"Akron, OH",OH,1.0,1.0,214622.0,607.1,321.0,adopted_by2012,O'Byrne (2015) Appendix A
"Henderson, NV",NV,0.0,0.0,212571.0,230.0,93.0,not_adopted_by2012,O'Byrne (2015) Appendix A
"Fort Wayne, IN",IN,1.0,1.0,211317.0,365.3,28.0,adopted_by2012,O'Byrne (2015) Appendix A
"Chesapeake, VA",VA,0.0,0.0,209294.0,599.6,63.0,not_adopted_by2012,O'Byrne (2015) Appendix A
"Fremont, CA",CA,0.0,0.0,209026.0,207.2,88.0,not_adopted_by2012,O'Byrne (2015) Appendix A
"Chandler, AZ",AZ,0.0,0.0,206620.0,302.0,723.0,not_adopted_by2012,O'Byrne (2015) Appendix A
"Lubbock, TX",TX,1.0,0.0,206441.0,1157.7,246.0,adopted_by2012,O'Byrne (2015) Appendix A
"Modesto, CA",CA,0.0,0.0,205691.0,685.0,2.0,not_adopted_by2012,O'Byrne (2015) Appendix A
"Montgomery, AL",AL,1.0,1.0,202064.0,646.8,19.0,adopted_by2012,O'Byrne (2015) Appendix A
"Glendale, CA",CA,0.0,0.0,201522.0,180.1,77.0,not_adopted_by2012,O'Byrne (2015) Appendix A
"Richmond, VA",VA,1.0,1.0,199968.0,1242.2,18.0,adopted_by2012,O'Byrne (2015) Appendix A
"Shreveport, LA",LA,0.0,1.0,199641.0,1029.8,86.0,not_adopted_by2012,O'Byrne (2015) Appendix A
"Tacoma, WA",WA,0.0,0.0,199586.0,1079.2,963.0,not_adopted_by2012,O'Byrne (2015) Appendix A
"Irving, TX",TX,0.0,0.0,199168.0,438.3,103.0,not_adopted_by2012,O'Byrne (2015) Appendix A
"Des Moines, IA",IA,0.0,0.0,198568.0,352.0,183.0,not_adopted_by2012,O'Byrne (2015) Appendix A
"Spokane, WA",WA,0.0,1.0,198325.0,585.4,9.0,not_adopted_by2012,O'Byrne (2015) Appendix A
"Durham, NC",NC,0.0,0.0,197965.0,840.0,134.0,not_adopted_by2012,O'Byrne (2015) Appendix A
"Yonkers, NY",NY,0.0,1.0,197569.0,444.9,30.0,not_adopted_by2012,O'Byrne (2015) Appendix A
"Grand Rapids, MI",MI,0.0,0.0,197173.0,1049.8,80.0,not_adopted_by2012,O'Byrne (2015) Appendix A
"Reno, NV",NV,0.0,0.0,196171.0,639.7,774.0,not_adopted_by2012,O'Byrne (2015) Appendix A
"Chula Vista, CA",CA,0.0,0.0,195954.0,396.0,2270.0,not_adopted_by2012,O'Byrne (2015) Appendix A
"Huntington Beach, CA",CA,0.0,0.0,195832.0,209.9,278.0,not_adopted_by2012,O'Byrne (2015) Appendix A
"Mobile, AL",AL,1.0,1.0,193464.0,613.2,629.0,adopted_by2012,O'Byrne (2015) Appendix A
"Augusta-Richmond County, GA (City portion)",GA,0.0,1.0,193412.0,,6.0,not_adopted_by2012,O'Byrne (2015) Appendix A
"Orlando, FL",FL,,,,,,unclear,O'Byrne (2015) Appendix A
"San Bernardino, CA",CA,0.0,1.0,193641.0,1479.0,1910.0,not_adopted_by2012,O'Byrne (2015) Appendix A
"Boise City, ID",ID,0.0,1.0,193414.0,333.5,0.0,not_adopted_by2012,O'Byrne (2015) Appendix A
"Winston-Salem, NC",NC,0.0,0.0,190912.0,827.1,205.0,not_adopted_by2012,O'Byrne (2015) Appendix A
"Columbus, GA",GA,1.0,0.0,188116.0,444.9,8.0,adopted_by2012,O'Byrne (2015) Appendix A
"Little Rock, AR",AR,1.0,0.0,185117.0,1543.9,160.0,adopted_by2012,O'Byrne (2015) Appendix A
"Salt Lake City, UT",UT,0.0,1.0,184022.0,704.3,255.0,not_adopted_by2012,O'Byrne (2015) Appendix A
"Newport News, VA",VA,0.0,0.0,182565.0,688.0,33.0,not_adopted_by2012,O'Byrne (2015) Appendix A
"Jackson, MS",MS,1.0,1.0,181479.0,908.4,198.0,adopted_by2012,O'Byrne (2015) Appendix A
"Oxnard, CA",CA,0.0,0.0,179851.0,449.3,19.0,not_adopted_by2012,O'Byrne (2015) Appendix A
"Amarillo, TX",TX,0.0,0.0,179762.0,832.2,47.0,not_adopted_by2012,O'Byrne (2015) Appendix A
"Laredo, TX",TX,,,,,,unclear,O'Byrne (2015) Appendix A
"Providence, RI",RI,1.0,1.0,176960.0,788.3,42.0,adopted_by2012,O'Byrne (2015) Appendix A
"Worcester, MA",MA,0.0,0.0,175115.0,881.1,47.0,not_adopted_by2012,O'Byrne (2015) Appendix A
"Knoxville, TN",TN,1.0,1.0,174993.0,972.6,8.0,adopted_by2012,O'Byrne (2015) Appendix A
"Garden Grove, CA",CA,0.0,0.0,169186.0,432.7,278.0,not_adopted_by2012,O'Byrne (2015) Appendix A
"Oceanside, CA",CA,0.0,0.0,167620.0,650.3,2270.0,not_adopted_by2012,O'Byrne (2015) Appendix A
"Ontario, CA",CA,0.0,0.0,166796.0,542.0,1910.0,not_adopted_by2012,O'Byrne (2015) Appendix A
"Irvine, CA",CA,0.0,0.0,163823.0,87.9,278.0,not_adopted_by2012,O'Byrne (2015) Appendix A
"Tempe, AZ",AZ,0.0,0.0,163143.0,620.9,723.0,not_adopted_by2012,O'Byrne (2015) Appendix A
"Huntsville, AL",AL,0.0,1.0,163052.0,605.9,34.0,not_adopted_by2012,O'Byrne (2015) Appendix A
"Dayton, OH",OH,0.0,0.0,162876.0,1017.3,111.0,not_adopted_by2012,O'Byrne (2015) Appendix A
"Santa Clarita, CA",CA,0.0,0.0,162238.0,187.4,77.0,not_adopted_by2012,O'Byrne (2015) Appendix A
"Overland Park, KS",KS,0.0,0.0,158875.0,,19.0,not_adopted_by2012,O'Byrne (2015) Appendix A
"Tallahassee, FL",FL,0.0,0.0,158011.0,893.6,94.0,not_adopted_by2012,O'Byrne (2015) Appendix A
"Aurora, IL",IL,0.0,1.0,157633.0,,23.0,not_adopted_by2012,O'Byrne (2015) Appendix A
"Chattanooga, TN",TN,1.0,0.0,156596.0,1302.7,127.0,adopted_by2012,O'Byrne (2015) Appendix A
"Pomona, CA",CA,0.0,0.0,155166.0,784.3,77.0,not_adopted_by2012,O'Byrne (2015) Appendix A
"Santa Rosa, CA",CA,0.0,0.0,155099.0,643.5,322.0,not_adopted_by2012,O'Byrne (2015) Appendix A
"Brownsville, TX",TX,0.0,0.0,152764.0,495.5,90.0,not_adopted_by2012,O'Byrne (2015) Appendix A
"Fort Lauderdale, FL",FL,,,,,,unclear,O'Byrne (2015) Appendix A
"Moreno Valley, CA",CA,0.0,0.0,152355.0,531.7,191.0,not_adopted_by2012,O'Byrne (2015) Appendix A
"Springfield, MA",MA,1.0,1.0,152048.0,1896.1,20.0,adopted_by2012,O'Byrne (2015) Appendix A
"Springfield, MO",MO,0.0,0.0,151859.0,683.5,79.0,not_adopted_by2012,O'Byrne (2015) Appendix A
"Rockford, IL",IL,0.0,1.0,151703.0,,45.0,not_adopted_by2012,O'Byrne (2015) Appendix A
"Paterson, NJ",NJ,0.0,1.0,151593.0,818.6,17.0,not_adopted_by2012,O'Byrne (2015) Appendix A
"Vancouver, WA",WA,0.0,0.0,151353.0,424.2,2.0,not_adopted_by2012,O'Byrne (2015) Appendix A
"Salinas, CA",CA,0.0,0.0,150305.0,798.4,137.0,not_adopted_by2012,O'Byrne (2015) Appendix A
"Hampton, VA",VA,1.0,0.0,147777.0,406.7,8.0,adopted_by2012,O'Byrne (2015) Appendix A
"Pasadena, TX",TX,0.0,1.0,147289.0,392.4,811.0,not_adopted_by2012,O'Byrne (2015) Appendix A
"Government, KS",KS,1.0,1.0,146866.0,,30.0,adopted_by2012,O'Byrne (2015) Appendix A
"Syracuse, NY",NY,0.0,1.0,145411.0,951.1,142.0,not_adopted_by2012,O'Byrne (2015) Appendix A
"Rancho Cucamonga, CA",CA,0.0,0.0,145219.0,212.1,1910.0,not_adopted_by2012,O'Byrne (2015) Appendix A
"Lakewood, CO",CO,0.0,0.0,145162.0,347.9,589.0,not_adopted_by2012,O'Byrne (2015) Appendix A
"Fontana, CA",CA,0.0,0.0,145114.0,618.1,78.0,not_adopted_by2012,O'Byrne (2015) Appendix A
"Hayward, CA",CA,0.0,0.0,144215.0,416.0,88.0,not_adopted_by2012,O'Byrne (2015) Appendix A
"Torrance, CA",CA,0.0,0.0,143101.0,280.9,77.0,not_adopted_by2012,O'Byrne (2015) Appendix A
"Salem, OR",OR,0.0,0.0,142501.0,360.7,9.0,not_adopted_by2012,O'Byrne (2015) Appendix A
"Eugene, OR",OR,0.0,0.0,141913.0,336.8,5.0,not_adopted_by2012,O'Byrne (2015) Appendix A
"Pasadena, CA",CA,0.0,0.0,141178.0,495.8,77.0,not_adopted_by2012,O'Byrne (2015) Appendix A
"Bridgeport, CT",CT,0.0,1.0,141030.0,968.6,29.0,not_adopted_by2012,O'Byrne (2015) Appendix A
"Hollywood, FL",FL,,,,,,unclear,O'Byrne (2015) Appendix A
"Pembroke Pines, FL",FL,,,,,,unclear,O'Byrne (2015) Appendix A
"North Las Vegas, NV",NV,0.0,0.0,140133.0,829.9,93.0,not_adopted_by2012,O'Byrne (2015) Appendix A
"Corona, CA",CA,0.0,0.0,139777.0,200.3,191.0,not_adopted_by2012,O'Byrne (2015) Appendix A
"Gilbert, AZ",AZ,0.0,0.0,138082.0,124.6,723.0,not_adopted_by2012,O'Byrne (2015) Appendix A
"Warren, MI",MI,0.0,1.0,138077.0,572.9,85.0,not_adopted_by2012,O'Byrne (2015) Appendix A
"Grand Prairie, TX",TX,0.0,0.0,137407.0,360.2,103.0,not_adopted_by2012,O'Byrne (2015) Appendix A
"Escondido, CA",CA,0.0,0.0,137334.0,430.3,2270.0,not_adopted_by2012,O'Byrne (2015) Appendix A
"Naperville, IL",IL,0.0,0.0,135958.0,,23.0,not_adopted_by2012,O'Byrne (2015) Appendix A
"Orange, CA",CA,0.0,0.0,132987.0,197.0,278.0,not_adopted_by2012,O'Byrne (2015) Appendix A
"Alexandria, VA",VA,0.0,0.0,132468.0,306.5,1.0,not_adopted_by2012,O'Byrne (2015) Appendix A
"Sioux Falls, SD",SD,0.0,0.0,131048.0,299.1,52.0,not_adopted_by2012,O'Byrne (2015) Appendix A
"Mesquite, TX",TX,0.0,0.0,130778.0,354.0,103.0,not_adopted_by2012,O'Byrne (2015) Appendix A
"Fullerton, CA",CA,0.0,0.0,130194.0,247.6,278.0,not_adopted_by2012,O'Byrne (2015) Appendix A
"Sunnyvale, CA",CA,0.0,0.0,131048.0,131.2,333.0,not_adopted_by2012,O'Byrne (2015) Appendix A
"Savannah, GA",GA,1.0,0.0,129547.0,828.3,18.0,adopted_by2012,O'Byrne (2015) Appendix A
"Concord, CA",CA,0.0,0.0,126539.0,314.5,134.0,not_adopted_by2012,O'Byrne (2015) Appendix A
"Sterling Heights, MI",MI,0.0,0.0,126517.0,203.1,85.0,not_adopted_by2012,O'Byrne (2015) Appendix A
"Peoria, AZ",AZ,0.0,0.0,126048.0,292.0,723.0,not_adopted_by2012,O'Byrne (2015) Appendix A
"Lancaster, CA",CA,0.0,0.0,125899.0,1008.7,77.0,not_adopted_by2012,O'Byrne (2015) Appendix A
"Fort Collins, CO",CO,0.0,0.0,125886.0,328.1,403.0,not_adopted_by2012,O'Byrne (2015) Appendix A
"Palmdale, CA",CA,0.0,0.0,125651.0,732.2,77.0,not_adopted_by2012,O'Byrne (2015) Appendix A
"Fayetteville, NC",NC,0.0,0.0,125587.0,979.4,140.0,not_adopted_by2012,O'Byrne (2015) Appendix A
"Hartford, CT",CT,1.0,0.0,125381.0,1444.4,16.0,adopted_by2012,O'Byrne (2015) Appendix A
"New Haven, CT",CT,0.0,1.0,124997.0,,4.0,not_adopted_by2012,O'Byrne (2015) Appendix A
"Elizabeth, NJ",NJ,0.0,1.0,123970.0,608.2,25.0,not_adopted_by2012,O'Byrne (2015) Appendix A
"Thousand Oaks, CA",CA,0.0,1.0,123987.0,162.1,19.0,not_adopted_by2012,O'Byrne (2015) Appendix A
"Cedar Rapids, IA",IA,0.0,0.0,122819.0,324.1,7903.0,not_adopted_by2012,O'Byrne (2015) Appendix A
"Topeka, KS",KS,0.0,1.0,122446.0,594.5,23.0,not_adopted_by2012,O'Byrne (2015) Appendix A
"Flint, MI",MI,0.0,1.0,122121.0,1215.2,46.0,not_adopted_by2012,O'Byrne (2015) Appendix A
"El Monte, CA",CA,0.0,0.0,121176.0,602.4,77.0,not_adopted_by2012,O'Byrne (2015) Appendix A
"Coral Springs, FL",FL,,,,,,unclear,O'Byrne (2015) Appendix A
"Stamford, CT",CT,0.0,1.0,120642.0,224.6,29.0,not_adopted_by2012,O'Byrne (2015) Appendix A
"Vallejo, CA",CA,,,,,,unclear,O'Byrne (2015) Appendix A
"Evansville, IN",IN,0.0,1.0,119788.0,1162.9,33.0,not_adopted_by2012,O'Byrne (2015) Appendix A
"Joliet, IL",IL,0.0,0.0,118920.0,,40.0,not_adopted_by2012,O'Byrne (2015) Appendix A
"Lansing, MI",MI,0.0,1.0,118937.0,1025.8,41.0,not_adopted_by2012,O'Byrne (2015) Appendix A
"Columbia, SC",SC,1.0,1.0,118536.0,1138.9,6.0,adopted_by2012,O'Byrne (2015) Appendix A
"Simi Valley, CA",CA,0.0,0.0,117785.0,139.2,79.0,not_adopted_by2012,O'Byrne (2015) Appendix A
"Waco, TX",TX,0.0,0.0,117549.0,688.2,20.0,not_adopted_by2012,O'Byrne (2015) Appendix A
"Abilene, TX",TX,0.0,0.0,117016.0,441.8,57.0,not_adopted_by2012,O'Byrne (2015) Appendix A
"Carrollton, TX",TX,0.0,0.0,116897.0,203.6,103.0,not_adopted_by2012,O'Byrne (2015) Appendix A
"Inglewood, CA",CA,0.0,0.0,116165.0,939.2,77.0,not_adopted_by2012,O'Byrne (2015) Appendix A
"McAllen, TX",TX,0.0,0.0,115647.0,442.7,36.0,not_adopted_by2012,O'Byrne (2015) Appendix A
"Ann Arbor, MI",MI,0.0,0.0,115552.0,258.8,21.0,not_adopted_by2012,O'Byrne (2015) Appendix A
"Cape Coral, FL",FL,0.0,0.0,114966.0,271.4,1473.0,not_adopted_by2012,O'Byrne (2015) Appendix A
"Beaumont, TX",TX,0.0,0.0,114626.0,916.9,592.0,not_adopted_by2012,O'Byrne (2015) Appendix A
"Bellevue, WA",WA,0.0,0.0,114056.0,143.8,1012.0,not_adopted_by2012,O'Byrne (2015) Appendix A
"Peoria, IL",IL,0.0,0.0,113143.0,,93.0,not_adopted_by2012,O'Byrne (2015) Appendix A
"Independence, MO",MO,0.0,0.0,113663.0,666.0,40.0,not_adopted_by2012,O'Byrne (2015) Appendix A
"West Valley City, UT",UT,0.0,0.0,112945.0,418.8,255.0,not_adopted_by2012,O'Byrne (2015) Appendix A
"Springfield, IL",IL,0.0,1.0,112304.0,,45.0,not_adopted_by2012,O'Byrne (2015) Appendix A
"Amherst, NY",NY,0.0,0.0,111945.0,107.2,107.0,not_adopted_by2012,O'Byrne (2015) Appendix A
"Lafayette, LA",LA,0.0,1.0,111612.0,952.4,488.0,not_adopted_by2012,O'Byrne (2015) Appendix A
"Costa Mesa, CA",CA,0.0,0.0,111281.0,273.2,278.0,not_adopted_by2012,O'Byrne (2015) Appendix A
"Downey, CA",CA,0.0,0.0,110992.0,455.0,77.0,not_adopted_by2012,O'Byrne (2015) Appendix A
"Clearwater, FL",FL,0.0,0.0,110296.0,1053.5,178.0,not_adopted_by2012,O'Byrne (2015) Appendix A
"Manchester, NH",NH,0.0,1.0,109472.0,275.0,37.0,not_adopted_by2012,O'Byrne (2015) Appendix A
"West Covina, CA",CA,0.0,0.0,108824.0,363.0,77.0,not_adopted_by2012,O'Byrne (2015) Appendix A
"Waterbury, CT",CT,0.0,1.0,108596.0,442.9,4.0,not_adopted_by2012,O'Byrne (2015) Appendix A
"Norwalk, CA",CA,0.0,0.0,107197.0,643.7,77.0,not_adopted_by2012,O'Byrne (2015) Appendix A
"South Bend, IN",IN,0.0,1.0,107191.0,716.5,12.0,not_adopted_by2012,O'Byrne (2015) Appendix A
"Provo, UT",UT,0.0,1.0,106769.0,110.5,25.0,not_adopted_by2012,O'Byrne (2015) Appendix A
"Clarksville, TN",TN,0.0,1.0,106710.0,641.0,109.0,not_adopted_by2012,O'Byrne (2015) Appendix A
"Allentown, PA",PA,0.0,1.0,106366.0,602.6,33.0,not_adopted_by2012,O'Byrne (2015) Appendix A
"Lowell, MA",MA,0.0,0.0,104995.0,824.8,83.0,not_adopted_by2012,O'Byrne (2015) Appendix A
"Berkeley, CA",CA,1.0,0.0,104727.0,884.2,88.0,adopted_by2012,O'Byrne (2015) Appendix A
"Ventura, CA",CA,0.0,0.0,104706.0,249.3,19.0,not_adopted_by2012,O'Byrne (2015) Appendix A
"Westminster, CO",CO,0.0,0.0,104614.0,,196.0,not_adopted_by2012,O'Byrne (2015) Appendix A
"Pueblo, CO",CO,0.0,0.0,104424.0,782.4,166.0,not_adopted_by2012,O'Byrne (2015) Appendix A
"Athens-Clarke County, GA (City portion)",GA,0.0,0.0,104313.0,371.0,3.0,not_adopted_by2012,O'Byrne (2015) Appendix A
"Burbank, CA",CA,0.0,0.0,103993.0,272.1,77.0,not_adopted_by2012,O'Byrne (2015) Appendix A
"Richmond, CA",CA,0.0,0.0,103629.0,1040.2,134.0,not_adopted_by2012,O'Byrne (2015) Appendix A
"Arvada, CO",CO,0.0,1.0,103191.0,172.5,196.0,not_adopted_by2012,O'Byrne (2015) Appendix A
"Daly City, CA",CA,0.0,0.0,102970.0,334.1,176.0,not_adopted_by2012,O'Byrne (2015) Appendix A
"Santa Clara, CA",CA,0.0,0.0,102936.0,245.8,333.0,not_adopted_by2012,O'Byrne (2015) Appendix A
"Erie, PA",PA,0.0,1.0,102373.0,436.6,74.0,not_adopted_by2012,O'Byrne (2015) Appendix A
"Green Bay, WI",WI,0.0,1.0,102095.0,448.6,1.0,not_adopted_by2012,O'Byrne (2015) Appendix A
"Fairfield, CA",CA,,,,,,unclear,O'Byrne (2015) Appendix A
"Cambridge, MA",MA,0.0,0.0,101896.0,503.5,83.0,not_adopted_by2012,O'Byrne (2015) Appendix A
"Olathe, KS",KS,0.0,0.0,101698.0,,19.0,not_adopted_by2012,O'Byrne (2015) Appendix A
"Portsmouth, VA",VA,0.0,0.0,101060.0,892.5,6.0,not_adopted_by2012,O'Byrne (2015) Appendix A
"Antioch, CA",CA,0.0,0.0,100918.0,707.5,134.0,not_adopted_by2012,O'Byrne (2015) Appendix A
"Port St. Lucie, FL",FL,0.0,0.0,100342.0,280.0,1152.0,not_adopted_by2012,O'Byrne (2015) Appendix A
