GEOID,place_name,state_abbr,pop_2020,adoption_year,year_found,search_class,obyrne_label,adopt_by2012,status_final,audit_note,source_type,evidence_note
3651000,New York city,NY,8740292,2003,2003.0,year_found,adopted_by2012,1.0,adopted_year_verified,,official,"NYC 311 launched March 9, 2003 under Mayor Bloomberg as a citywide non-emergency service line."
0644000,Los Angeles city,CA,3895848,2002,2002.0,year_found,adopted_by2012,1.0,adopted_year_verified,,official,"LA City Controller audit states the 311 call center was established in 2002; MyLA311 app added in 2013, system overhauled in 2016."
1714000,Chicago city,IL,2743329,1999,1999.0,year_found,adopted_by2012,1.0,adopted_year_verified,,official,"Chicago launched its 311 system in 1999, making it one of the earliest U.S. cities to adopt the service."
4835000,Houston city,TX,2299269,1999,1999.0,year_found,adopted_by2012,1.0,adopted_year_verified,,official,Houston launched its 311 system in 1999.
0455000,Phoenix city,AZ,1612459,no_311,,no_311,not_adopted_by2012,0.0,not_adopted,,official,Phoenix uses myPHX311 portal and app (launched 2021) for service requests but does not operate a traditional 311 phone number.
4260000,Philadelphia city,PA,1600684,2008,2008.0,year_found,adopted_by2012,1.0,adopted_year_verified,,official,Philadelphia Philly311 launched in 2008.
4865000,San Antonio city,TX,1439257,2000,2000.0,year_found,adopted_by2012,1.0,adopted_year_verified,,official,San Antonio 311 launched in 2000.
0666000,San Diego city,CA,1386292,no_311,,no_311,not_adopted_by2012,0.0,not_adopted,,official,"San Diego uses the ""Get It Done"" app (launched 2016) for non-emergency service requests; no 311 phone number is operated."
4819000,Dallas city,TX,1303212,2002,2002.0,year_found,adopted_by2012,1.0,adopted_year_verified,,official,Dallas 311 launched in 2002.
0668000,San Jose city,CA,1009319,2009,2009.0,year_found,adopted_by2012,1.0,adopted_year_verified,,news,"GovTech reports San Jose launched its 311 mobile pilot on December 15, 2009 via CitySourced; an earlier phone-based 311 call center may have predated this but could not be confirmed."
4805000,Austin city,TX,965827,2000,2000.0,year_found,adopted_by2012,1.0,adopted_year_verified,,official,Austin 311 launched in 2000.
1235000,Jacksonville city,FL,951880,unknown,,unknown,not_adopted_by2012,0.0,adopted_year_unknown,,official,"Jacksonville has a 311 service (MyJax portal launched 2019), but the original 311 launch date could not be verified from available sources."
4827000,Fort Worth city,TX,923602,2024,2024.0,year_found,not_adopted_by2012,0.0,adopted_year_verified,,news,Fort Worth rolled out its 311 non-emergency service number in May 2024.
3918000,Columbus city,OH,906418,2003,2003.0,year_found,adopted_by2012,1.0,adopted_year_verified,,official,Columbus 311 launched in 2003.
3712000,Charlotte city,NC,875752,2005,2005.0,year_found,adopted_by2012,1.0,adopted_year_verified,,official,Charlotte launched its 311 system in 2005.
0667000,San Francisco city,CA,870518,2007,2007.0,year_found,adopted_by2012,1.0,adopted_year_verified,,official,San Francisco SF311 launched in 2007.
5363000,Seattle city,WA,740565,unknown,,unknown,not_adopted_by2012,0.0,adopted_year_unknown,,official,"Seattle operates a Customer Service Bureau (established 1965) and routes calls through 311, but the specific year the 311 number was activated could not be confirmed."
0820000,Denver city,CO,717606,2006,2006.0,year_found,adopted_by2012,1.0,adopted_year_verified,,official,Denver 311 launched in 2006.
4055000,Oklahoma City city,OK,683078,unknown,,unknown,not_adopted_by2012,0.0,adopted_year_unknown,,official,"Oklahoma City operates an Action Center for non-emergency service requests with 311 routing, but the launch year of the 311 number could not be verified."
4824000,El Paso city,TX,679255,2011,2011.0,year_found,not_adopted_by2012,0.0,conflict_fp,FP-conflict: search found year 2011 but O'Byrne (2012 survey) says not adopted. Verify source.,news,EP311 launched in 2011 as El Paso's non-emergency citizen service center.
2507000,Boston city,MA,675466,2009,2009.0,year_found,not_adopted_by2012,0.0,conflict_fp,FP-conflict: search found year 2009 but O'Byrne (2012 survey) says not adopted. Verify source.,official,Boston launched its 311 system (BOS:311) in 2009.
4159000,Portland city,OR,653344,2021,2021.0,year_found,not_adopted_by2012,0.0,adopted_year_verified,,official,"PDX 311 launched in fiscal year 2020-21, consolidating city service request channels into a single 311 system."
3240000,Las Vegas city,NV,646794,2000,2000.0,year_found,not_adopted_by2012,0.0,conflict_fp,FP-conflict: search found year 2000 but O'Byrne (2012 survey) says not adopted. Verify source.,news,"Las Vegas Sun reported the city's 311 system went active on October 30, 2000."
2622000,Detroit city,MI,638300,2005,2005.0,year_found,adopted_by2012,1.0,adopted_year_verified,,news,"GovTech reports Detroit's ""One Call to City Hall"" 311 call center launched in 2005 and handled 400+ service types; closed June 30, 2012 as a cost-savings measure."
4748000,Memphis city,TN,635225,2013,2013.0,year_found,not_adopted_by2012,0.0,adopted_year_verified,,news,Memphis launched its 311 call center and associated app in 2013.
2404000,Baltimore city,MD,583157,1996,1996.0,year_found,adopted_by2012,1.0,adopted_year_verified,,official,Baltimore launched the first 311 system in the US in October 1996.
5553000,Milwaukee city,WI,577207,2012,2012.0,year_found,not_adopted_by2012,0.0,conflict_fp,FP-conflict: search found year 2012 but O'Byrne (2012 survey) says not adopted. Verify source.,news,Milwaukee established its Unified Call Center / 311 system in 2012.
3502000,Albuquerque city,NM,564888,2005,2005.0,year_found,adopted_by2012,1.0,adopted_year_verified,,official,Albuquerque launched its 311 system in 2005.
0627000,Fresno city,CA,542710,2019,2019.0,year_found,not_adopted_by2012,0.0,adopted_year_verified,,news,Fresno formally launched its 311 system in 2019; an earlier One Call Center had operated since 2006 but was not branded 311.
0477000,Tucson city,AZ,542638,2023,2023.0,year_found,not_adopted_by2012,0.0,adopted_year_verified,,news,Tucson launched its 311 non-emergency number in early 2023.
0664000,Sacramento city,CA,525528,2008,2008.0,year_found,adopted_by2012,1.0,adopted_year_verified,,secondary,"Esri case study states Sacramento's 311 launched in 2008 and logs approximately 500,000 interactions per year."
2938000,Kansas City city,MO,508220,2007,2007.0,year_found,adopted_by2012,1.0,adopted_year_verified,,official,Kansas City MO launched its 311 system in 2007.
0446000,Mesa city,AZ,505890,unknown,,unknown,not_adopted_by2012,0.0,adopted_year_unknown,,official,"Mesa uses ""Mesa CityLink"" (CitySourced platform) for non-emergency requests; no source specifies launch year; Socrata data starts 2017 and CityLink app suggests mid-2010s, but exact year unconfirmed."
1304000,Atlanta city,GA,499896,2014,2014.0,year_found,not_adopted_by2012,0.0,adopted_year_verified,,news,"ATL311 officially opened on October 22, 2014 as Atlanta's centralized non-emergency service request system."
3137000,Omaha city,NE,492758,no_311,,no_311,not_adopted_by2012,0.0,not_adopted,,official,Omaha uses the Mayor's Hotline (402-444-5555) for non-emergency service requests and does not operate a 311 system.
0816000,Colorado Springs city,CO,480331,no_311,,no_311,not_adopted_by2012,0.0,not_adopted,,official,Colorado Springs uses a direct non-emergency line (719-444-7000) and does not operate a 311 system.
0643000,Long Beach city,CA,465585,unknown,,unknown,not_adopted_by2012,0.0,adopted_year_unknown,,official,"Long Beach uses the ""LB Better"" (formerly ""Go Long Beach"") service request app but a formal 311 phone launch date could not be confirmed."
3755000,Raleigh city,NC,465354,2011,2011.0,year_found,not_adopted_by2012,0.0,conflict_fp,FP-conflict: search found year 2011 but O'Byrne (2012 survey) says not adopted. Verify source.,news,Raleigh launched SeeClickFix-based 311 in 2011; the service was later replaced by the Ask Raleigh platform in 2025.
5182000,Virginia Beach city,VA,459684,2006,2006.0,year_found,adopted_by2012,1.0,adopted_year_verified,,official,Virginia Beach launched its 311 system in 2006.
1245000,Miami city,FL,442827,2004,2004.0,year_found,not_in_obyrne,,adopted_year_verified,,news,"Miami-Dade 311 has been operational since 2004, serving the City of Miami and surrounding county municipalities."
0653000,Oakland city,CA,440943,2018,2018.0,year_found,not_adopted_by2012,0.0,adopted_year_verified,,news,"Oakland North reports Oakland officially launched the unified OAK 311 system (phone, website, app) in April 2018; prior service used SeeClickFix without unified 311 branding (note: O'Byrne 2015 flags Oakland as adopted by 2012, possibly counting earlier call-center service)."
2743000,Minneapolis city,MN,430710,2003,2003.0,year_found,adopted_by2012,1.0,adopted_year_verified,,official,Minneapolis launched its 311 system in 2003.
4075000,Tulsa city,OK,413651,2016,2016.0,year_found,not_adopted_by2012,0.0,adopted_year_verified,,news,Tulsa311 went live in November 2016 as the city's centralized non-emergency service request system.
0603526,Bakersfield city,CA,405280,no_311,,no_311,not_adopted_by2012,0.0,not_adopted,,official,Bakersfield uses a direct non-emergency phone line (661-327-7111) and an online portal for service requests but does not operate a 311 system.
2079000,Wichita city,KS,398024,unknown,,unknown,not_adopted_by2012,0.0,adopted_year_unknown,,official,"Wichita operates a 311 system and app, but the launch year of the 311 service could not be verified from available sources."
4804000,Arlington city,TX,394248,no_311,,no_311,not_adopted_by2012,0.0,not_adopted,,official,Arlington TX uses an Action Center (817-459-6777) for non-emergency requests and does not operate a 311 system.
1271000,Tampa city,FL,387924,unknown,,unknown,not_adopted_by2012,0.0,adopted_year_unknown,,official,"Tampa operates a 311 system (Tampa Connect CRM), but the launch year could not be confirmed from available sources."
0804000,Aurora city,CO,386773,no_311,,no_311,not_adopted_by2012,0.0,not_adopted,,official,"Aurora CO uses ""Access Aurora"" (303-739-7000) for non-emergency service requests and does not operate a 311 number."
2255000,New Orleans city,LA,383241,2012,2012.0,year_found,adopted_by2012,1.0,adopted_year_verified,,official,Orleans Parish Communication District states NOLA-311 has been operational since March 2012; open data records also begin in 2012.
3916000,Cleveland city,OH,371806,2009,2009.0,year_found,not_adopted_by2012,0.0,conflict_fp,FP-conflict: search found year 2009 but O'Byrne (2012 survey) says not adopted. Verify source.,official,Cleveland launched its 311 system in 2009.
0602000,Anaheim city,CA,346658,2007,2007.0,year_found,adopted_by2012,1.0,adopted_year_verified,,news,"GovTech reported that Anaheim began live testing of its 311 hotline on June 4, 2007, as the phone component of the ""Anaheim Anytime"" initiative introduced by Mayor Curt Pringle at his 2006 State of the City Address."
2146027,Lexington-Fayette urban county,KY,322627,unknown,,unknown,adopted_by2012,1.0,adopted_year_unknown,,official,"Official LexingtonKY.gov page describes LexCall 311 as the city's centralized call center; indirect evidence (8,500 calls during 2009 ice storm) suggests service existed at least since 2000, but no confirmed launch year was found."
0675000,Stockton city,CA,320976,unknown,,unknown,not_adopted_by2012,0.0,adopted_year_unknown,,official,"Stockton uses an ""Ask Stockton"" service request system, but it is unclear whether a formal 311 number is operational and when it launched."
3231900,Henderson city,NV,319072,unknown,,unknown,not_adopted_by2012,0.0,adopted_year_unknown,,official,"Henderson NV routes non-emergency calls through 311, but the year the 311 number was activated could not be confirmed."
4817000,Corpus Christi city,TX,318065,2022,2022.0,year_found,not_adopted_by2012,0.0,adopted_year_verified,,news,Corpus Christi launched its 311 Call Center in June 2022.
0662000,Riverside city,CA,315067,2004,2004.0,year_found,adopted_by2012,1.0,adopted_year_verified,,news,"GovTech reported the Riverside centralized call center was created in 2004 using 826-5311 and had answered more than 250,000 questions since 2004; the short-dial 311 number was added circa 2007."
0669000,Santa Ana city,CA,311244,no_311,,no_311,not_adopted_by2012,0.0,not_adopted,,official,Santa Ana uses direct non-emergency lines and the mySantaAna app for service requests but does not operate a 311 system.
2758000,St. Paul city,MN,311140,unknown,,unknown,not_adopted_by2012,0.0,adopted_year_unknown,,official,"St. Paul operates a 311 service for non-emergency requests, but the launch year of the 311 number could not be confirmed from available sources."
3451000,Newark city,NJ,310645,2008,2008.0,year_found,adopted_by2012,1.0,adopted_year_verified,,news,Multiple sources confirm Newark launched its 4311 non-emergency consolidated call center in September 2008 under Mayor Cory Booker.
3915000,Cincinnati city,OH,309601,2022,2022.0,year_found,not_adopted_by2012,0.0,adopted_year_verified,,news,"WVXU reported September 12, 2022 that Cincinnati launched 311Cincy non-emergency service; Fix It Cincy app was rebranded 311 Cincy at the same time (note: O'Byrne 2015 flags Cincinnati as adopted by 2012, possibly reflecting an earlier informal service; Socrata shows 2016)."
0636770,Irvine city,CA,308411,no_311,,no_311,not_adopted_by2012,0.0,not_adopted,,official,Irvine uses an online portal and Access Irvine app for service requests but does not operate a 311 phone number.
1253000,Orlando city,FL,307834,unknown,,unknown,unclear,,adopted_year_unknown,,official,"The City of Orlando has a 311 service distinct from Orange County's 311 (launched 2005), but Orlando's own 311 launch date could not be confirmed."
4261000,Pittsburgh city,PA,302779,2004,2004.0,year_found,adopted_by2012,1.0,adopted_year_verified,,official,Pittsburgh launched its 311 system in 2004.
2965000,St. Louis city,MO,300496,unknown,,unknown,not_adopted_by2012,0.0,adopted_year_unknown,,official,St. Louis has a long-running Citizens Service Bureau for non-emergency requests; a formal 311 phone number launch year could not be confirmed.
3728000,Greensboro city,NC,296345,unknown,,unknown,not_adopted_by2012,0.0,adopted_year_unknown,,official,Greensboro has a Contact Center (336-373-CITY) for non-emergency requests but whether a formal 311 number is in use and its launch year could not be confirmed.
3436000,Jersey City city,NJ,291949,no_311,,no_311,not_adopted_by2012,0.0,not_adopted,,official,Jersey City uses a Resident Response Center for non-emergency requests and does not appear to operate a 311 system.
3128000,Lincoln city,NE,291633,no_311,,no_311,not_adopted_by2012,0.0,not_adopted,,official,Lincoln uses the UPLNK app (SeeClickFix-based) for service requests and does not operate a 311 phone number.
0203000,Anchorage municipality,AK,290893,2018,2018.0,year_found,not_adopted_by2012,0.0,adopted_year_verified,,news,Anchorage launched its 311 non-emergency police line in April 2018 under Mayor Berkowitz.
4858016,Plano city,TX,286408,2011,2011.0,year_found,not_adopted_by2012,0.0,conflict_fp,FP-conflict: search found year 2011 but O'Byrne (2012 survey) says not adopted. Verify source.,news,"""Fix It Plano"" citizen service app launched in July 2011, per NBC DFW and GovTech reporting."
3719000,Durham city,NC,284444,unknown,,unknown,not_adopted_by2012,0.0,adopted_year_unknown,,secondary,"Durham One Call 311 center is documented in an ICMA case study (~2009), but the exact launch year could not be confirmed from available sources."
3611000,Buffalo city,NY,277551,2000,2000.0,year_found,adopted_by2012,1.0,adopted_year_verified,,official,City of Buffalo's Open Data portal states the 311 Call and Resolution Center (formerly the Mayor's Complaint Line) was created in July 2000.
0412000,Chandler city,AZ,277345,unknown,,unknown,not_adopted_by2012,0.0,adopted_year_unknown,,official,Chandler has non-emergency service request channels but the specific 311 launch year could not be found in available sources.
0613392,Chula Vista city,CA,275809,unknown,,unknown,not_adopted_by2012,0.0,adopted_year_unknown,,official,"Chula Vista uses the ACT Chula Vista citizen service system for service requests, but no 311 launch year was found in available sources."
5548000,Madison city,WI,275204,no_311,,no_311,not_adopted_by2012,0.0,not_adopted,,official,Madison was still exploring and planning a 311 system as of 2024; no formal 311 has been launched.
3977000,Toledo city,OH,270276,2015,2015.0,year_found,not_adopted_by2012,0.0,adopted_year_verified,,official,"""Engage Toledo"" launched in October 2015 as Toledo's 24/7 citizen service request platform."
0427400,Gilbert town,AZ,269173,2017,2017.0,year_found,not_adopted_by2012,0.0,adopted_year_verified,,official,"Gilbert partnered with SeeClickFix to launch ""Gilbert 311"" in May 2017."
3260600,Reno city,NV,264981,2018,2018.0,year_found,not_adopted_by2012,0.0,adopted_year_verified,,news,Washoe County (which serves Reno) launched Washoe311 in May 2018; Reno routes non-emergency requests through this county system.
1825000,Fort Wayne city,IN,264380,2007,2007.0,year_found,adopted_by2012,1.0,adopted_year_verified,,official,"City of Fort Wayne's official 10-year anniversary press release (May 2017) confirms the 311 Call Center launched in 2007 as the first such center in Indiana, having handled more than 1.5 million calls since inception."
3251800,North Las Vegas city,NV,261214,no_311,,no_311,not_adopted_by2012,0.0,not_adopted,,official,North Las Vegas uses its own non-emergency phone number (702-633-9111) and does not route through 311.
1263000,St. Petersburg city,FL,259266,2014,2014.0,year_found,not_adopted_by2012,0.0,adopted_year_verified,,secondary,"St. Petersburg launched a SeeClickFix 311 CRM tool in 2014, per a CivicPlus case study."
4845000,Lubbock city,TX,258013,2009,2009.0,year_found,adopted_by2012,1.0,adopted_year_verified,,news,"KCBD news article ""Lubbock Launches 311 Non-Emergency Call Line"" documents the 2009 launch; the 311 number received more than 100 calls in its first few hours of operation."
4837000,Irving city,TX,256807,unknown,,unknown,not_adopted_by2012,0.0,adopted_year_unknown,,official,"Irving operates a ""Report A Concern"" 311 portal on the Qscend platform, but the launch year could not be confirmed."
4841464,Laredo city,TX,255489,unknown,,unknown,unclear,,adopted_year_unknown,,official,"Laredo's 311 Call Center was operational by at least 2014 per open data records, but the exact launch year could not be confirmed."
3775000,Winston-Salem city,NC,249804,2007,2007.0,year_found,not_adopted_by2012,0.0,conflict_fp,FP-conflict: search found year 2007 but O'Byrne (2012 survey) says not adopted. Verify source.,news,Winston-Salem's CityLink 311 citizen service center began operations in 2007.
5116000,Chesapeake city,VA,249781,2017,2017.0,year_found,not_adopted_by2012,0.0,adopted_year_verified,,secondary,"Chesapeake's Public Safety Operations Center (PSOC), which houses the 311 Non-Emergency Call Center, was completed in December 2017."
0427820,Glendale city,AZ,248949,2019,2019.0,year_found,not_adopted_by2012,0.0,adopted_year_verified,,news,"GlendaleOne, the city's 311-style service request app, launched in December 2019."
4829000,Garland city,TX,246311,unknown,,unknown,not_adopted_by2012,0.0,adopted_year_unknown,,official,"Garland operates a 311 service line for non-emergency city services, but the launch year could not be confirmed from available sources."
0465000,Scottsdale city,AZ,241883,no_311,,no_311,not_adopted_by2012,0.0,not_adopted,,official,Scottsdale does not operate a formal 311 number; it uses a constituent services line (480-312-3111) and the ScottsdaleEZ online portal.
5157000,Norfolk city,VA,237789,unknown,,unknown,not_adopted_by2012,0.0,adopted_year_unknown,,official,"Norfolk's ""Norfolk Cares Center"" is a 311-equivalent service; open data records show activity from November 2014 but the launch year could not be confirmed."
1608830,Boise City city,ID,236034,unknown,,unknown,not_adopted_by2012,0.0,adopted_year_unknown,,official,Boise uses SeeClickFix for citizen service requests but no formal 311 launch year was found in available sources.
0669088,Santa Clarita city,CA,232406,unknown,,unknown,not_adopted_by2012,0.0,adopted_year_unknown,,official,"Santa Clarita uses the GOGov Resident Service Center for issue reporting, but no 311 launch year was found in available sources."
0626000,Fremont city,CA,230430,unknown,,unknown,not_adopted_by2012,0.0,adopted_year_unknown,,official,Fremont uses the Fremont App (SeeClickFix-based) for service requests; no dedicated 311 number and no launch year found.
5367000,Spokane city,WA,229205,2017,2017.0,year_found,not_adopted_by2012,0.0,adopted_year_verified,,official,"Spokane launched ""My Spokane 311"" on February 10, 2017, per a city press release."
5167000,Richmond city,VA,226936,2007,2007.0,year_found,adopted_by2012,1.0,adopted_year_verified,,secondary,"A 2010 article about Richmond's 311 Customer Care Center stated the program launched ""three years ago"" under Mayor Wilder (2005-2009), placing the launch around 2007; Richmond was the first SeeClickFix city to route all 311 requests through that platform."
1230000,Hialeah city,FL,222408,no_311,,no_311,unclear,,not_adopted_unclear,,official,"Hialeah uses a Citizen Request Tracker (CRT), not a 311 number; Miami-Dade County 311 is a separate service."
0665000,San Bernardino city,CA,222090,unknown,,unknown,not_adopted_by2012,0.0,adopted_year_unknown,,official,No evidence of a formal 311 system for San Bernardino; city uses department-level non-emergency lines.
5370000,Tacoma city,WA,219719,2013,2013.0,year_found,not_adopted_by2012,0.0,adopted_year_verified,,news,TacomaFIRST 311 launched in fall 2013; the City Council recognized the 10th anniversary in October 2023.
0648354,Modesto city,CA,218691,unknown,,unknown,not_adopted_by2012,0.0,adopted_year_unknown,,official,"Modesto uses the ""GoModesto!"" service request system; no 311 launch year was found in available sources."
0137000,Huntsville city,AL,216407,2025,2025.0,year_found,not_adopted_by2012,0.0,adopted_year_verified,,news,Huntsville's 311 service completed its launch in February 2025.
1921000,Des Moines city,IA,213826,unknown,,unknown,not_adopted_by2012,0.0,adopted_year_unknown,,official,Des Moines uses a non-emergency dispatch line (515-283-4811) for service requests; no dedicated 311 system was found in available sources.
3684000,Yonkers city,NY,210994,unknown,,unknown,not_adopted_by2012,0.0,adopted_year_unknown,,news,Yonkers received a $400K federal grant for a 311 call center in 2009; the actual launch year of its 311 service could not be confirmed.
3663000,Rochester city,NY,210862,1999,1999.0,year_found,adopted_by2012,1.0,adopted_year_verified,,official,Rochester NY launched its 311 system in 1999.
0624680,Fontana city,CA,209177,2022,2022.0,year_found,not_adopted_by2012,0.0,adopted_year_verified,,news,Fontana launched its Fontana 311 app in December 2022; the city's 311 website was unveiled in February 2023.
3722920,Fayetteville city,NC,209170,unknown,,unknown,not_adopted_by2012,0.0,adopted_year_unknown,,official,Fayetteville uses SeeClickFix (FayFixIt) for service requests; records show activity since 2015 but a formal 311 launch year could not be confirmed.
0649270,Moreno Valley city,CA,208868,unknown,,unknown,not_adopted_by2012,0.0,adopted_year_unknown,,official,Moreno Valley uses MoVal 24/7 (GoGov) for service requests; no prior formal 311 launch year was found in available sources.
1319000,Columbus city,GA,207006,2008,2008.0,year_found,adopted_by2012,1.0,adopted_year_verified,,secondary,"An ICMA report on the Columbus, GA 311 Citizen Service Center is dated December 31, 2008 documenting active service with detailed statistics; exact launch year not stated but service was running no later than 2008."
1258715,Port St. Lucie city,FL,206815,no_311,,no_311,not_adopted_by2012,0.0,not_adopted,,official,"Port St. Lucie uses the ""1PSL"" citizen service system for non-emergency requests and does not operate a 311 number."
2582000,Worcester city,MA,205056,2022,2022.0,year_found,not_adopted_by2012,0.0,adopted_year_verified,,news,"Worcester launched its 311 municipal hotline in May 2022, per Worcester Patch reporting."
4827684,Frisco city,TX,202754,unknown,,unknown,not_in_obyrne,,adopted_year_unknown,,official,Frisco has a citizen service request portal but no dedicated 311 system or verifiable launch year was found in available sources.
0541000,Little Rock city,AR,202634,2004,2004.0,year_found,adopted_by2012,1.0,adopted_year_verified,,news,"KARK reported in March 2024 that Little Rock 311 City Services was ""celebrating two decades of service,"" placing the launch around 2004; city sources also confirm the 311 system was part of the 2004 Bond Project (note: Socrata lower bound of 2018 reflects dataset publication date, not launch)."
0654652,Oxnard city,CA,201911,2016,2016.0,year_found,not_adopted_by2012,0.0,adopted_year_verified,,news,"Oxnard launched its 311 service in May 2016, per Tri-County Sentry reporting."
4967000,Salt Lake City city,UT,200660,unknown,,unknown,not_adopted_by2012,0.0,adopted_year_unknown,,secondary,Salt Lake City had a 311 system referenced in Route Fifty as of 2011; the exact launch year could not be confirmed from available sources.
4803000,Amarillo city,TX,200526,unknown,,unknown,not_adopted_by2012,0.0,adopted_year_unknown,,official,"Amarillo planned a 311 app rollout for October 2016, but no confirmed live launch date was found in available sources."
0107000,Birmingham city,AL,200375,1999,1999.0,year_found,adopted_by2012,1.0,adopted_year_verified,,official,Birmingham AL launched its 311 system in 1999.
0151000,Montgomery city,AL,200041,unknown,,unknown,adopted_by2012,1.0,adopted_year_unknown,,official,City of Montgomery's official website confirms 311 service exists for non-emergency city services but no source specifies the original launch year.
2634000,Grand Rapids city,MI,198707,2013,2013.0,year_found,not_adopted_by2012,0.0,adopted_year_verified,,news,"GR311 went live on October 1, 2013, per Rapid Growth Media reporting."
0636000,Huntington Beach city,CA,198405,no_311,,no_311,not_adopted_by2012,0.0,not_adopted,,official,Huntington Beach uses a direct non-emergency police number for non-emergency service requests; no 311 system was found.
1270600,Tallahassee city,FL,197933,no_311,,no_311,not_adopted_by2012,0.0,not_adopted,,official,Tallahassee uses the DigiTally app and a direct CDA non-emergency number for service requests; no 311 system was found.
2053775,Overland Park city,KS,197734,unknown,,unknown,not_adopted_by2012,0.0,adopted_year_unknown,,official,"Overland Park has the OPCares citizen service portal, but no specific launch year was found in available sources."
4845744,McKinney city,TX,197497,unknown,,unknown,not_in_obyrne,,adopted_year_unknown,,official,No evidence of a formal dedicated 311 system was found for McKinney; city uses departmental contacts for non-emergency service requests.
4830464,Grand Prairie city,TX,196255,2022,2022.0,year_found,not_adopted_by2012,0.0,adopted_year_verified,,official,"Grand Prairie launched its 311 service on April 19, 2022, per a city press release."
0630000,Glendale city,CA,195934,no_311,,no_311,not_adopted_by2012,0.0,not_adopted,,official,"Glendale CA uses a direct ""City Service Line"" (818-550-4400) for non-emergency requests; no 311 number or system was found."
1210275,Cape Coral city,FL,195422,unknown,,unknown,not_adopted_by2012,0.0,adopted_year_unknown,,official,Cape Coral has a 311 call center with a software update in 2022; the original launch year could not be confirmed.
4659020,Sioux Falls city,SD,193437,2019,2019.0,year_found,not_adopted_by2012,0.0,adopted_year_verified,,official,"Sioux Falls launched the OneLink 311 mobile app in 2019, celebrating its first anniversary in March 2020."
0454050,Peoria city,AZ,191997,no_311,,no_311,not_adopted_by2012,0.0,not_adopted,,official,Peoria AZ uses MyPeoriaAZ app and a direct non-emergency number for service requests; no 311 system was found.
4740000,Knoxville city,TN,191446,2005,2005.0,year_found,adopted_by2012,1.0,adopted_year_verified,,official,"City of Knoxville's official 311 page confirms the service launched in May 2005, operated by the Center for Service Innovation, and was the eighth 311 system to go live in the nation."
5374060,Vancouver city,WA,191278,2015,2015.0,year_found,not_adopted_by2012,0.0,adopted_year_verified,,news,"CRESA soft-launched the 311 non-emergency service for Vancouver WA in September 2015, per The Columbian."
4459000,Providence city,RI,190745,2017,2017.0,year_found,adopted_by2012,1.0,adopted_year_verified,,official,City of Providence official press release documents Mayor Elorza launching the 3-1-1 hotline and PVD311 mobile app through the Mayor's Center for City Services in 2017.
3901000,Akron city,OH,190146,2017,2017.0,year_found,adopted_by2012,1.0,adopted_year_verified,,news,"Signal Akron reports Akron's 311 phone hotline and website launched in 2017; MyAkron311 mobile app was added in January 2024 (note: O'Byrne 2015 flags Akron as adopted by 2012, possibly reflecting a predecessor call-center service)."
4810768,Brownsville city,TX,187004,no_311,,no_311,not_adopted_by2012,0.0,not_adopted,,official,Brownsville operates a 546-HELP non-emergency line instead of 311 for non-emergency service requests.
2270000,Shreveport city,LA,186848,unknown,,unknown,not_adopted_by2012,0.0,adopted_year_unknown,,news,"Shreveport has a 311 service; a ""Port City 311"" app launched in October 2024, but the original 311 launch year could not be confirmed."
0150000,Mobile city,AL,186621,unknown,,unknown,adopted_by2012,1.0,adopted_year_unknown,,official,"City of Mobile official 311 page confirms the service exists but does not state a launch year; a November 2011 GCN article references adding a mobile app to Mobile's existing 311 system, suggesting launch was at or before 2011."
5156000,Newport News city,VA,186047,2013,2013.0,year_found,not_adopted_by2012,0.0,adopted_year_verified,,news,"Newport News 311 Contact Center opened in March 2013, per the Oyster Pointer."
0473000,Tempe city,AZ,185328,2012,2012.0,year_found,not_adopted_by2012,0.0,conflict_fp,FP-conflict: search found year 2012 but O'Byrne (2012 survey) says not adopted. Verify source.,news,Tempe 311 is described as an existing service by a June 2012 news article; the mobile app launched in 2013.
1224000,Fort Lauderdale city,FL,182892,unknown,,unknown,unclear,,adopted_year_unknown,,official,Fort Lauderdale uses the LauderServ/311 portal for non-emergency service requests; no original launch year was found.
4714000,Chattanooga city,TN,181568,2003,2003.0,year_found,adopted_by2012,1.0,adopted_year_verified,,news,"Chattanooga Times Free Press reports that Chattanooga launched its 311 Service Center on February 6, 2003, making it one of the first mid-size US cities to implement a ""One Call to City Hall"" program."
1703012,Aurora city,IL,180215,2025,2025.0,year_found,not_adopted_by2012,0.0,adopted_year_verified,,news,"Aurora IL officially launched myAurora 311 on March 11, 2025, per Shaw Local reporting."
0670098,Santa Rosa city,CA,177959,no_311,,no_311,not_adopted_by2012,0.0,not_adopted,,official,Santa Rosa uses direct department phone numbers and a citizen permit portal for service requests; no 311 system was found.
4123850,Eugene city,OR,177428,no_311,,no_311,not_adopted_by2012,0.0,not_adopted,,official,Eugene uses a non-emergency phone number (541-682-5111) for service requests and does not operate a 311 system.
0622020,Elk Grove city,CA,176569,unknown,,unknown,not_in_obyrne,,adopted_year_unknown,,official,Elk Grove uses SeeClickFix for citizen issue reporting; no specific launch year was found.
4164900,Salem city,OR,175942,no_311,,no_311,not_adopted_by2012,0.0,not_adopted,,official,Salem OR uses a non-emergency phone number (503-588-6123) and online reporting; no 311 system was found.
0653896,Ontario city,CA,175712,unknown,,unknown,not_adopted_by2012,0.0,adopted_year_unknown,,official,"Ontario CA has a 311 service for non-emergency requests, but no specific launch year was found in available sources."
3710740,Cary town,NC,174778,2020,2020.0,year_found,not_in_obyrne,,adopted_year_verified,,official,"311Cary launched on January 2, 2020 as the first 311 system in the Triangle area, per a Town of Cary press release."
0659451,Rancho Cucamonga city,CA,174683,no_311,,no_311,not_adopted_by2012,0.0,not_adopted,,official,Rancho Cucamonga uses the RC2GO app for issue reporting; no 311 phone number or system was found.
0653322,Oceanside city,CA,173965,unknown,,unknown,not_adopted_by2012,0.0,adopted_year_unknown,,official,Oceanside uses SeeClickFix for citizen reporting but directs non-emergency calls to the police non-emergency line; no formal 311 launch year was found.
0640130,Lancaster city,CA,173094,unknown,,unknown,not_adopted_by2012,0.0,adopted_year_unknown,,official,"Lancaster uses the ""Inform Lancaster"" app for service requests; no 311 number or launch year was found."
0629000,Garden Grove city,CA,171863,unknown,,unknown,not_adopted_by2012,0.0,adopted_year_unknown,,official,Garden Grove uses SeeClickFix for citizen reporting; no dedicated 311 number or launch year was found.
1255775,Pembroke Pines city,FL,171073,unknown,,unknown,unclear,,adopted_year_unknown,,official,Pembroke Pines uses SeeClickFix for citizen service requests; no dedicated 311 number or launch year was found.
0827425,Fort Collins city,CO,169982,2011,2011.0,year_found,not_adopted_by2012,0.0,conflict_fp,FP-conflict: search found year 2011 but O'Byrne (2012 survey) says not adopted. Verify source.,news,"""Access Fort Collins"" citizen service system was created in 2011, per Rocky Mountain Collegian reporting."
2970000,Springfield city,MO,169177,unknown,,unknown,not_adopted_by2012,0.0,adopted_year_unknown,,official,Springfield MO has a Citizen Resource Center (417-864-1010) and GoSpringfieldMO app for service requests; no formal 311 launch year was found.
0655156,Palmdale city,CA,168895,no_311,,no_311,not_adopted_by2012,0.0,not_adopted,,official,No 311 system was found for Palmdale; city uses direct department phone numbers for service requests.
4715160,Clarksville city,TN,167509,2017,2017.0,year_found,not_adopted_by2012,0.0,adopted_year_verified,,official,Clarksville TN launched its 311 system in 2017.
0664224,Salinas city,CA,163391,unknown,,unknown,not_adopted_by2012,0.0,adopted_year_unknown,,official,Salinas has a 311 portal on the Qscend platform; no specific launch year was found.
0633000,Hayward city,CA,162666,unknown,,unknown,not_adopted_by2012,0.0,adopted_year_unknown,,official,"Hayward has an ""Access Hayward"" citizen service system; no specific launch year was found."
3457000,Paterson city,NJ,159323,unknown,,unknown,not_adopted_by2012,0.0,adopted_year_unknown,,official,Paterson uses SeeClickFix for citizen service requests; no dedicated 311 number or launch year was found.
5101000,Alexandria city,VA,159139,2020,2020.0,year_found,not_adopted_by2012,0.0,adopted_year_verified,,news,"Alex311 launched in February 2020, replacing the prior Call.Click.Connect system, per ALXnow reporting."
0616350,Corona city,CA,157468,unknown,,unknown,not_adopted_by2012,0.0,adopted_year_unknown,,official,Corona operates a Citizen 311 portal (311.coronaca.gov); no specific launch year was found in available sources.
1349008,Macon-Bibb County,GA,157035,2012,2012.0,year_found,not_in_obyrne,,adopted_year_verified,,news,"Macon-Bibb County launched SeeClickFix in April 2012 as a 311-style citizen service request system, funded by a $5,000 Knight Fund grant."
2036000,Kansas City city,KS,156298,unknown,,unknown,not_in_obyrne,,adopted_year_unknown,,official,The Unified Government of Wyandotte County and Kansas City KS operates a 311 Call Center; expanded to 24/7 service in 2021 but original launch year not verifiable.
0843000,Lakewood city,CO,156247,unknown,,unknown,not_adopted_by2012,0.0,adopted_year_unknown,,official,Lakewood operates MyLakewood311 for citizen service requests; no specific launch year was found.
2567000,Springfield city,MA,155280,2008,2008.0,year_found,adopted_by2012,1.0,adopted_year_verified,,official,City of Springfield official document (March 2009 CitiStat report) states the 311 Center was created in September 2008; Springfield was the first community in western Massachusetts to use the 3-1-1 number.
0677000,Sunnyvale city,CA,155250,unknown,,unknown,not_adopted_by2012,0.0,adopted_year_unknown,,secondary,"Sunnyvale uses SeeClickFix for citizen service requests with activity dating to at least 2017, but no specific launch year was found."
4751560,Murfreesboro city,TN,153757,unknown,,unknown,not_in_obyrne,,adopted_year_unknown,,official,No evidence of a formal 311 system in Murfreesboro; city lists departmental contacts but no dedicated 311 service or launch year was found.
4839148,Killeen city,TX,153735,unknown,,unknown,not_in_obyrne,,adopted_year_unknown,,official,Killeen operates killeen311.com and the Killeen Connect app (SeeClickFix) for service requests; no specific launch year was found.
2836000,Jackson city,MS,152997,2011,2011.0,year_found,adopted_by2012,1.0,adopted_year_verified,,news,"Jackson Free Press reported April 4, 2011 that Mayor Harvey Johnson Jr. launched the city's 311 system with six employees taking calls from the Eudora Welty Library after the state PSC approved use of the 3-1-1 number."
1232000,Hollywood city,FL,152802,unknown,,unknown,unclear,,adopted_year_unknown,,official,City of Hollywood FL provides customer services online but no dedicated 311 system or specific launch year was found.
5305210,Bellevue city,WA,151780,2013,2013.0,year_found,not_adopted_by2012,0.0,adopted_year_verified,,official,"Bellevue launched the MyBellevue app and citizen request portal in 2013, handling requests for streetlights, potholes, and other city issues."
4856000,Pasadena city,TX,151368,no_311,,no_311,not_adopted_by2012,0.0,not_adopted,,official,No dedicated 311 system was found for Pasadena TX; city uses departmental phone numbers and online contacts.
0622804,Escondido city,CA,151014,unknown,,unknown,not_adopted_by2012,0.0,adopted_year_unknown,,official,"Escondido uses the ""Report It!"" (CitySourced) online reporting system; no dedicated 311 number and no launch year was found."
0658072,Pomona city,CA,150984,no_311,,no_311,not_adopted_by2012,0.0,not_adopted,,official,Pomona CA uses a traditional non-emergency dispatch number (909-622-1241) and departmental contacts; no dedicated 311 system was identified.
4513330,Charleston city,SC,150872,unknown,,unknown,not_in_obyrne,,adopted_year_unknown,,official,"Charleston operates a Citizen Services Desk reachable at 843-724-7311, but no specific launch year for the service was found."
1738570,Joliet city,IL,150251,2021,2021.0,year_found,not_adopted_by2012,0.0,adopted_year_verified,,official,"City of Joliet launched CitizenVUE, a citizen engagement service request app, on April 7, 2021, replacing prior service request methods."
4847892,Mesquite city,TX,149627,no_311,,no_311,not_adopted_by2012,0.0,not_adopted,,official,No dedicated 311 system was found for Mesquite TX; city uses traditional non-emergency departmental phone numbers.
1751622,Naperville city,IL,149419,no_311,,no_311,not_adopted_by2012,0.0,not_adopted,,official,"No citywide 311 system was found for Naperville; the park district uses a ""311 Parks"" internal tracking system (2018) but there is no city-operated 311 line."
1765000,Rockford city,IL,148670,unknown,,unknown,not_adopted_by2012,0.0,adopted_year_unknown,,secondary,"ICMA documents reference Rockford IL 311 Call Center Services and the city has a Customer Service department, but no specific launch year was found."
0662938,Roseville city,CA,148516,unknown,,unknown,not_in_obyrne,,adopted_year_unknown,,official,Roseville operates a myRSVL service request portal for residents; no specific launch year was found.
0908000,Bridgeport city,CT,147717,2012,2012.0,year_found,not_adopted_by2012,0.0,conflict_fp,FP-conflict: search found year 2012 but O'Byrne (2012 survey) says not adopted. Verify source.,news,"Bridgeport launched the BConnected citizen reporting app in 2012 under Mayor Finch; replaced in 2016 by ""Bridgeport 311"" (SeeClickFix) under Mayor Ganim."
1369000,Savannah city,GA,147456,2006,2006.0,year_found,adopted_by2012,1.0,adopted_year_verified,,news,"The Savannah Tribune states ""Launched in 2006, 311 is designed to make City services more accessible to citizens,"" describing 311 as a central non-emergency contact replacing numerous individual department numbers."
3673000,Syracuse city,NY,146726,unknown,,unknown,not_adopted_by2012,0.0,adopted_year_unknown,,official,Syracuse operates SYRCityline (SeeClickFix) for citizen service requests; a new mobile app launched in August 2021 but the original service launch year was not found.
0680000,Torrance city,CA,146442,no_311,,no_311,not_adopted_by2012,0.0,not_adopted,,official,No dedicated 311 system was found for Torrance CA; city lists departmental contacts without a unified 311 service.
0471510,Surprise city,AZ,144407,unknown,,unknown,not_in_obyrne,,adopted_year_unknown,,official,"Surprise operates the ""My Surprise"" app (CitySourced) for citizen service requests; no specific launch year was found."
0628000,Fullerton city,CA,143267,no_311,,no_311,not_adopted_by2012,0.0,not_adopted,,official,No dedicated 311 system was found for Fullerton CA; city uses a service request form via Public Works (714-738-6897) but no 311 service.
4845384,McAllen city,TX,142404,unknown,,unknown,not_adopted_by2012,0.0,adopted_year_unknown,,official,McAllen operates a 311 call center and mobile app (CitySourced) for citizen requests; no specific launch year was found.
1225175,Gainesville city,FL,142245,2015,2015.0,year_found,not_in_obyrne,,adopted_year_verified,,news,"WUFT news article (July 22, 2015) reports the City of Gainesville launched its 311GNV online and mobile non-emergency reporting service on that date; later rebranded as myGNV in 2019 (note: Socrata lower bound was 2016, consistent with post-launch open data publication)."
0877290,Thornton city,CO,142185,unknown,,unknown,not_in_obyrne,,adopted_year_unknown,,official,"Thornton operates ""My Thornton"" on the Qscend 311 platform for citizen service requests; no specific launch year was found."
0682954,Visalia city,CA,141771,unknown,,unknown,not_in_obyrne,,adopted_year_unknown,,official,Visalia has a dedicated 311 Department with its own city website section; no specific launch year was found.
2052575,Olathe city,KS,141586,unknown,,unknown,not_adopted_by2012,0.0,adopted_year_unknown,,official,Olathe operates OlatheConnect as a 24/7 virtual city hall service request system; active as of 2019 but no launch year was found.
4819972,Denton city,TX,141107,2025,2025.0,year_found,not_in_obyrne,,adopted_year_verified,,official,"City of Denton officially launched its 311 Contact Center on April 21, 2025 as a 24/7 single point of contact for non-emergency city services."
4876000,Waco city,TX,140541,unknown,,unknown,not_adopted_by2012,0.0,adopted_year_unknown,,official,Waco operates MyWaco Central (CitySourced) for citizen service requests; no specific launch year for a formal 311 system was found.
4983470,West Valley City city,UT,139973,no_311,,no_311,not_adopted_by2012,0.0,not_adopted,,official,No dedicated 311 system was found for West Valley City UT; city uses departmental phone contacts and a general contact form.
0653980,Orange city,CA,139451,unknown,,unknown,not_adopted_by2012,0.0,adopted_year_unknown,,official,"City of Orange operates ""Orange 24/7"" app for service requests; no launch year or evidence of a formal 311 phone number was found."
2684000,Warren city,MI,139122,unknown,,unknown,not_adopted_by2012,0.0,adopted_year_unknown,,official,"Warren operates ""311Warren"" on the Qscend platform for citizen service requests; no specific launch year was found."
0656000,Pasadena city,CA,138462,2009,2009.0,year_found,not_adopted_by2012,0.0,conflict_fp,FP-conflict: search found year 2009 but O'Byrne (2012 survey) says not adopted. Verify source.,news,"Pasadena launched its 311 Citizen Service Center on January 24, 2009, handling approximately 75,000 calls annually."
1912000,Cedar Rapids city,IA,137758,unknown,,unknown,not_adopted_by2012,0.0,adopted_year_unknown,,official,"Cedar Rapids operates ""My CR"" for non-emergency service requests; no specific 311 launch year was found."
3921000,Dayton city,OH,137496,2014,2014.0,year_found,not_adopted_by2012,0.0,adopted_year_verified,,news,"Dayton launched the ""Dayton Delivers"" non-emergency service request app in January 2014 following a late-2013 resident beta test."
5135000,Hampton city,VA,137280,unknown,,unknown,adopted_by2012,1.0,adopted_year_unknown,,secondary,"A February 2002 Connecticut General Assembly report lists Hampton VA among jurisdictions already operating a 311 system, noting Hampton was the first locality in Virginia to launch a centralized 311 call center; exact launch year not found."
3421000,Elizabeth city,NJ,136677,no_311,,no_311,not_adopted_by2012,0.0,not_adopted,,official,No dedicated 311 system was found for Elizabeth NJ; city lists departmental contacts without a unified 311 service.
5335415,Kent city,WA,136592,unknown,,unknown,not_in_obyrne,,adopted_year_unknown,,official,"Kent operates the ""KentWorks"" app for non-emergency citizen service requests; no specific launch year was found."
4516000,Columbia city,SC,136195,2012,2012.0,year_found,adopted_by2012,1.0,adopted_year_verified,,news,"The Columbia Star reports that starting July 1, 2012 the City of Columbia launched its Customer Care Center with a 24-hour hotline at 545-3300, to which all local 311 calls in the Midlands are forwarded."
0973000,Stamford city,CT,135462,unknown,,unknown,not_adopted_by2012,0.0,adopted_year_unknown,,official,Stamford has a Citizen's Service Bureau with a FixIt portal for service requests; no specific 311 launch year was found.
0682590,Victorville city,CA,134638,2025,2025.0,year_found,not_in_obyrne,,adopted_year_verified,,news,"Victorville launched the ""Victorville NOW"" app for non-emergency service requests in July 2025, per Victor Valley News."
1245975,Miramar city,FL,134516,unknown,,unknown,not_in_obyrne,,adopted_year_unknown,,official,Miramar uses SeeClickFix for citizen service requests; no specific launch year was found.
1214400,Coral Springs city,FL,134168,unknown,,unknown,unclear,,adopted_year_unknown,,official,"Coral Springs has a ""My Coral Springs"" service request portal; no specific launch year was found."
2676460,Sterling Heights city,MI,134059,unknown,,unknown,not_adopted_by2012,0.0,adopted_year_unknown,,secondary,"Sterling Heights uses SeeClickFix (""Sterling Connect"") for service requests; no specific launch year was found."
4813024,Carrollton city,TX,133552,no_311,,no_311,not_adopted_by2012,0.0,not_adopted,,official,Carrollton TX uses a non-emergency line (972-466-3333) and SeeClickFix for service requests; no formal 311 branding or system was found.
4848072,Midland city,TX,132890,2024,2024.0,year_found,not_in_obyrne,,adopted_year_verified,,news,"Midland launched SeeClickFix for citizen requests in mid-2024; the City of Midland Facebook page confirmed 13,000+ requests responded to since launch."
0952000,New Haven city,CT,129757,unknown,,unknown,not_adopted_by2012,0.0,adopted_year_unknown,,news,New Haven aldermen approved a 311 hotline in October 2007; the actual launch date of the service could not be confirmed from available sources.
0669084,Santa Clara city,CA,128588,unknown,,unknown,not_adopted_by2012,0.0,adopted_year_unknown,,official,"Santa Clara has the ""MySantaClara"" app for citizen service requests; no 311 phone number or launch year was found."
4052500,Norman city,OK,128161,no_311,,no_311,not_in_obyrne,,not_adopted,,official,Norman OK uses an Action Center phone/portal (405-366-5396) for service requests; no formal 311 system was found.
0678582,Thousand Oaks city,CA,126824,unknown,,unknown,not_adopted_by2012,0.0,adopted_year_unknown,,official,Thousand Oaks uses MaintStar Mobile Citizen and SeeClickFix for service requests; no specific launch year or formal 311 number was found.
2071000,Topeka city,KS,126437,2025,2025.0,year_found,not_adopted_by2012,0.0,adopted_year_verified,,news,"Topeka announced and rolled out a new 311 hotline on March 25, 2025, per KSNT news; previously used SeeClickFix CRM."
4842508,Lewisville city,TX,126422,unknown,,unknown,not_in_obyrne,,adopted_year_unknown,,official,"Lewisville uses the ""ourLewisvilleTX"" app (CitySourced) for service requests; no specific launch year was found."
0672016,Simi Valley city,CA,126343,unknown,,unknown,not_adopted_by2012,0.0,adopted_year_unknown,,secondary,Simi Valley uses SeeClickFix for citizen service requests; no specific launch year was found.
2915670,Columbia city,MO,126307,2020,2020.0,year_found,not_in_obyrne,,adopted_year_verified,,news,"Boone County (which serves Columbia MO) launched a 311 non-emergency call line in November 2020, per KOMU news."
4856348,Pearland city,TX,125996,unknown,,unknown,not_in_obyrne,,adopted_year_unknown,,official,"Pearland uses the ""Connect2Pearland"" app (CitySourced) for citizen service requests; no specific launch year was found."
3825700,Fargo city,ND,125986,unknown,,unknown,not_in_obyrne,,adopted_year_unknown,,official,"Fargo uses a ""FargoOne"" service platform for non-emergency requests; no specific 311 launch year was found."
0681666,Vallejo city,CA,125894,2013,2013.0,year_found,unclear,,adopted_year_verified,,secondary,"Vallejo adopted SeeClickFix in late 2013; Code Enforcement began using it as its 311 platform then, per a SeeClickFix case study."
4202000,Allentown city,PA,125727,2025,2025.0,year_found,not_adopted_by2012,0.0,adopted_year_verified,,news,"Allentown unveiled a new 311 system on November 7, 2025, per WFMZ and an official city press release."
4801000,Abilene city,TX,125417,unknown,,unknown,not_adopted_by2012,0.0,adopted_year_unknown,,official,Abilene uses SeeClickFix and direct department lines for service requests; no formal 311 system or launch year was found.
0616000,Concord city,CA,125286,unknown,,unknown,not_adopted_by2012,0.0,adopted_year_unknown,,official,"Concord CA uses the ""Concord Connect"" app (PublicStuff) for citizen service requests; no specific launch year was found."
0803455,Arvada city,CO,124343,unknown,,unknown,not_adopted_by2012,0.0,adopted_year_unknown,,official,"Arvada uses ""Ask Arvada"" 311 CRM (Comcate platform) for service requests; no specific launch year was found."
0606000,Berkeley city,CA,124205,2009,2009.0,year_found,adopted_by2012,1.0,adopted_year_verified,,news,"The Berkeley Daily Planet (November 25, 2009) reports the City of Berkeley officially launched its 311 call center at the November 17, 2009 City Council meeting after a pilot period in which 65,000 calls were received."
2603000,Ann Arbor city,MI,123611,2014,2014.0,year_found,not_adopted_by2012,0.0,adopted_year_verified,,news,"""A2 Fix It"" (SeeClickFix) went online in July 2014, per Ann Arbor Observer reporting."
2935000,Independence city,MO,122899,unknown,,unknown,not_adopted_by2012,0.0,adopted_year_unknown,,official,"Independence MO uses the ""IndepNow"" app (CitySourced) for citizen service requests; no specific launch year was found."
2754880,Rochester city,MN,121575,2024,2024.0,year_found,not_in_obyrne,,adopted_year_verified,,official,"Rochester MN launched its 311 service in October 2024, per an official city announcement."
4815976,College Station city,TX,120771,no_311,,no_311,not_in_obyrne,,not_adopted,,official,College Station uses SeeClickFix and a direct non-emergency line (979-764-3600) for service requests; no formal 311 system was found.
0614218,Clovis city,CA,120770,no_311,,no_311,not_in_obyrne,,not_adopted,,official,No formal 311 system was found for Clovis CA; city uses GOGov and direct department lines for service requests.
4863500,Round Rock city,TX,120549,unknown,,unknown,not_in_obyrne,,adopted_year_unknown,,official,Round Rock has a city services portal for requests; no formal 311 system or specific launch year was found.
1254000,Palm Bay city,FL,120163,unknown,,unknown,not_in_obyrne,,adopted_year_unknown,,official,Palm Bay uses SeeClickFix and a non-emergency line for service requests; no formal 311 launch year was found.
0623182,Fairfield city,CA,119833,unknown,,unknown,unclear,,adopted_year_unknown,,official,"Fairfield uses ""MyFairfieldCA"" and SeeClickFix for service requests; no specific launch year was found."
0937000,Hartford city,CT,119798,unknown,,unknown,adopted_by2012,1.0,adopted_year_unknown,,official,"Hartford's official 311 page confirms an active non-emergency call center; open data records show service requests back to at least 2018, but no source specifies the original launch year."
1652120,Meridian city,ID,119443,no_311,,no_311,not_in_obyrne,,not_adopted,,official,No 311 system was found for Meridian ID; city uses direct department lines (208-888-5242) for service requests.
4861796,Richardson city,TX,119299,unknown,,unknown,not_in_obyrne,,adopted_year_unknown,,official,"Richardson TX has a ""24/7 Response Center"" (972-744-4111) and online reporting; no formal 311 launch year was found."
2511000,Cambridge city,MA,118218,unknown,,unknown,not_adopted_by2012,0.0,adopted_year_unknown,,secondary,Cambridge uses SeeClickFix for 311 citizen service requests; no specific launch year was found.
1276600,West Palm Beach city,FL,117507,unknown,,unknown,not_in_obyrne,,adopted_year_unknown,,secondary,West Palm Beach uses SeeClickFix; SeeClickFix records show activity from 2013 but no formal 311 launch year was found.
1822000,Evansville city,IN,117373,unknown,,unknown,not_adopted_by2012,0.0,adopted_year_unknown,,official,Evansville has a 311 submission form for potholes and other issues; no dedicated citywide 311 launch year was found.
1212875,Clearwater city,FL,117333,2014,2014.0,year_found,not_adopted_by2012,0.0,adopted_year_verified,,secondary,"""Clearwater Connect"" app version 3.2 was released on 09/24/2014, indicating the platform launched approximately in 2014."
3006550,Billings city,MT,117224,no_311,,no_311,not_in_obyrne,,not_adopted,,official,No 311 system was found for Billings MT; city uses a non-emergency police line (406-657-8200) and direct department contacts.
4982950,West Jordan city,UT,117032,2018,2018.0,year_found,not_in_obyrne,,adopted_year_verified,,news,"West Jordan launched a new SeeClickFix-based service request web page in August 2018, per Deseret News."
0883835,Westminster city,CO,116594,unknown,,unknown,not_adopted_by2012,0.0,adopted_year_unknown,,official,"Westminster CO uses SeeClickFix ""Access Westminster"" for service requests; no specific launch year was found."
0660620,Richmond city,CA,116196,unknown,,unknown,not_adopted_by2012,0.0,adopted_year_unknown,,secondary,Richmond CA has SeeClickFix for citizen reporting; no formal 311 branding or launch year was found.
3774440,Wilmington city,NC,115770,unknown,,unknown,not_in_obyrne,,adopted_year_unknown,,secondary,Wilmington NC uses SeeClickFix for citizen service requests; no specific launch year was found.
4550875,North Charleston city,SC,115551,no_311,,no_311,not_in_obyrne,,not_adopted,,official,South Carolina cities generally do not operate 311 systems; North Charleston uses non-emergency phone numbers and has no formal 311 deployment.
3345140,Manchester city,NH,115508,2017,2017.0,year_found,not_adopted_by2012,0.0,adopted_year_verified,,news,"Manchester NH launched ""Manchester Connect"" SeeClickFix approximately in 2017, per Manchester Ink Link reporting."
2537000,Lowell city,MA,115462,2025,2025.0,year_found,not_adopted_by2012,0.0,adopted_year_verified,,official,"Lowell 311 (Tyler ESR system) launched publicly on March 10-11, 2025, per a city CivicAlerts announcement."
0602252,Antioch city,CA,115379,unknown,,unknown,not_adopted_by2012,0.0,adopted_year_unknown,,secondary,Antioch CA uses SeeClickFix for citizen service requests; no specific launch year was found.
4962470,Provo city,UT,115103,2012,2012.0,year_found,not_adopted_by2012,0.0,conflict_fp,FP-conflict: search found year 2012 but O'Byrne (2012 survey) says not adopted. Verify source.,official,"Provo recognized the need for a 311 customer service department in 2012 and formalized the service that year, per the city's official 311 page."
4853388,Odessa city,TX,114926,no_311,,no_311,not_in_obyrne,,not_adopted,,official,No 311 system was found for Odessa TX; city uses direct non-emergency phone numbers for service requests.
0611194,Carlsbad city,CA,114924,no_311,,no_311,not_in_obyrne,,not_adopted,,official,Carlsbad CA uses a non-emergency police line (442-339-2197) and has no formal 311 system.
4807000,Beaumont city,TX,114857,unknown,,unknown,not_adopted_by2012,0.0,adopted_year_unknown,,official,"Beaumont has a 311 service that was operational by at least 2012, but the exact launch year could not be confirmed from available sources."
3731400,High Point city,NC,114846,unknown,,unknown,not_in_obyrne,,adopted_year_unknown,,secondary,High Point NC uses SeeClickFix for citizen service requests; no specific launch year was found.
4841980,League City city,TX,114657,unknown,,unknown,not_in_obyrne,,adopted_year_unknown,,official,League City TX has a 311-branded Citizen Request Tracker for service requests; no specific launch year was found.
1723074,Elgin city,IL,114617,2014,2014.0,year_found,not_in_obyrne,,adopted_year_verified,,news,"Elgin IL launched a new 311 Contact Center quietly in January 2014, per Daily Herald reporting on March 7, 2014."
4131250,Gresham city,OR,114470,unknown,,unknown,not_in_obyrne,,adopted_year_unknown,,official,"Gresham OR has the ""My Gresham"" service request app for citizens; no specific launch year was found."
1772000,Springfield city,IL,114298,unknown,,unknown,not_adopted_by2012,0.0,adopted_year_unknown,,official,No evidence of a dedicated 311 system was found for Springfield IL; city uses departmental contact numbers.
0619766,Downey city,CA,113964,unknown,,unknown,not_adopted_by2012,0.0,adopted_year_unknown,,official,"Downey CA has ""Downey Connect"" (GoGov) citizen request app; no specific launch year was found."
4009050,Broken Arrow city,OK,113928,no_311,,no_311,not_in_obyrne,,not_adopted,,official,"Broken Arrow OK uses a ""My Broken Arrow Action Center"" app for service requests but no formal 311 phone number or system was found."
1238250,Lakeland city,FL,113888,unknown,,unknown,not_in_obyrne,,adopted_year_unknown,,official,Lakeland FL has a Citizens Action Center for non-emergency service requests; no specific launch year was found.
0980000,Waterbury city,CT,113880,unknown,,unknown,not_adopted_by2012,0.0,adopted_year_unknown,,official,Waterbury has a Citizens Service Center/311 for non-emergency requests; no specific launch year was found.
1759000,Peoria city,IL,112845,unknown,,unknown,not_adopted_by2012,0.0,adopted_year_unknown,,secondary,"Peoria IL has ""Peoria Cares"" powered by SeeClickFix for citizen requests; no specific original launch year was found."
2646000,Lansing city,MI,112566,2022,2022.0,year_found,not_adopted_by2012,0.0,adopted_year_verified,,news,"Lansing officially launched its ""One Call to City Hall"" 311 program in May 2022, per Fox47 News."
1258050,Pompano Beach city,FL,111957,no_311,,no_311,not_in_obyrne,,not_adopted,,official,Pompano Beach FL has no 311 system; non-emergency calls are handled by the Broward Sheriff's Office non-emergency number.
0862000,Pueblo city,CO,111899,no_311,,no_311,not_adopted_by2012,0.0,not_adopted,,official,"Pueblo CO has no 311 system; its Citizen Access Portal is limited to taxes and permits, not general non-emergency service requests."
0616532,Costa Mesa city,CA,111781,unknown,,unknown,not_adopted_by2012,0.0,adopted_year_unknown,,secondary,Costa Mesa has a Costa Mesa 311 app (SeeClickFix/CivicApps) for service requests; no specific launch year was found.
3539380,Las Cruces city,NM,111698,2018,2018.0,year_found,not_in_obyrne,,adopted_year_verified,,secondary,"Las Cruces NM brought mobile 311 to residents approximately in mid-2018, per a Tyler Technologies case study."
1245060,Miami Gardens city,FL,111477,unknown,,unknown,not_in_obyrne,,adopted_year_unknown,,official,"Miami Gardens (incorporated 2003) references 311 on its official website but no launch year found; residents also access the countywide Miami-Dade 311 system, complicating attribution of when the city adopted its own service."
0650076,Murrieta city,CA,111146,unknown,,unknown,not_in_obyrne,,adopted_year_unknown,,secondary,"Murrieta uses SeeClickFix ""FixIt"" portal for citizen service requests; no specific launch year was found."
5322640,Everett city,WA,110893,unknown,,unknown,not_in_obyrne,,adopted_year_unknown,,secondary,"Everett WA has ""Everett at Work"" (SeeClickFix app); no formal 311 number and no specific launch year were found."
4870808,Sugar Land city,TX,110824,2018,2018.0,year_found,not_in_obyrne,,adopted_year_verified,,news,"Sugar Land launched its 311 Contact Center in March 2018, per Patch.com reporting."
0665042,San Buenaventura (Ventura) city,CA,110620,unknown,,unknown,not_in_obyrne,,adopted_year_unknown,,official,"Ventura issued a 311 CRM RFP in November 2022; ""Ventura Connects"" was active by 2024, but the exact launch year could not be confirmed."
0678120,Temecula city,CA,110094,unknown,,unknown,not_in_obyrne,,adopted_year_unknown,,secondary,Temecula uses SeeClickFix for citizen service requests; no dedicated 311 branding or launch year was found.
0669196,Santa Maria city,CA,109782,no_311,,no_311,not_in_obyrne,,not_adopted,,official,No 311 system was found for Santa Maria CA; city uses departmental contact numbers for non-emergency service requests.
2621000,Dearborn city,MI,109620,unknown,,unknown,not_in_obyrne,,adopted_year_unknown,,official,Dearborn MI routes non-emergency service calls through 311; the specific year the 311 number was activated could not be confirmed.
0832155,Greeley city,CO,109272,2025,2025.0,year_found,not_in_obyrne,,adopted_year_verified,,news,"Greeley soft-launched a 311 self-service portal in July 2025, per CitizenPortal.ai reporting."
0684200,West Covina city,CA,109153,no_311,,no_311,not_adopted_by2012,0.0,not_adopted,,official,No 311 system was found for West Covina CA; city uses departmental contact numbers.
0622230,El Monte city,CA,109087,no_311,,no_311,not_adopted_by2012,0.0,not_adopted,,official,No 311 system was found for El Monte CA; city uses departmental contact numbers for non-emergency service requests.
3268400,Sparks city,NV,108889,unknown,,unknown,not_in_obyrne,,adopted_year_unknown,,secondary,Sparks is served by county-level Washoe311 (public launch ~2018); no city-specific 311 system was found for Sparks.
1372122,South Fulton city,GA,108211,2020,2020.0,year_found,not_in_obyrne,,adopted_year_verified,,secondary,"South Fulton's Citizens Resource Center transitioned to a dedicated 311 number in January 2020, per Business View Magazine."
0812815,Centennial city,CO,108196,unknown,,unknown,not_in_obyrne,,adopted_year_unknown,,official,"Centennial has a ""Report-a-Problem"" online portal; no dedicated 311 number or verifiable launch year was found."
1368516,Sandy Springs city,GA,108167,unknown,,unknown,not_in_obyrne,,adopted_year_unknown,,official,"Sandy Springs uses the ""Sandy Springs Works"" platform (replaced prior app June 2024) for service requests; no formal 311 number or launch year was found."
0807850,Boulder city,CO,108123,unknown,,unknown,not_in_obyrne,,adopted_year_unknown,,official,"Boulder uses the ""Inquire Boulder"" system for citizen service requests; no dedicated 311 number or verifiable launch year was found."
0636546,Inglewood city,CA,107393,no_311,,no_311,not_adopted_by2012,0.0,not_adopted,,official,Inglewood CA uses departmental non-emergency phone numbers for service requests; no 311 system was found.
5531000,Green Bay city,WI,107271,unknown,,unknown,not_adopted_by2012,0.0,adopted_year_unknown,,secondary,Green Bay uses SeeClickFix for citizen reporting; no dedicated 311 number or verifiable launch year was found.
0608954,Burbank city,CA,107005,2022,2022.0,year_found,not_adopted_by2012,0.0,adopted_year_verified,,official,"Burbank launched ""Our Burbank 311"" mobile app in January 2022, per a city newsroom announcement."
4134100,Hillsboro city,OR,106990,unknown,,unknown,not_in_obyrne,,adopted_year_unknown,,secondary,Hillsboro OR uses SeeClickFix for citizen reporting; no dedicated 311 number or verifiable launch year was found.
5357745,Renton city,WA,106719,no_311,,no_311,not_in_obyrne,,not_adopted,,official,No 311 system was found for Renton WA; city uses departmental contacts and an online reporting portal.
4874144,Tyler city,TX,106272,unknown,,unknown,not_in_obyrne,,adopted_year_unknown,,secondary,Tyler TX uses SeeClickFix for citizen reporting; no dedicated 311 phone number or verifiable launch year was found.
0621712,El Cajon city,CA,106075,2020,2020.0,year_found,not_in_obyrne,,adopted_year_verified,,news,El Cajon went live with Tyler Technologies' citizen self-service and 311-integrated MyCivic platform in July 2020.
1216475,Davie town,FL,106030,unknown,,unknown,not_in_obyrne,,adopted_year_unknown,,secondary,Davie FL uses SeeClickFix for citizen reporting; no dedicated 311 number or verifiable launch year was found.
0668252,San Mateo city,CA,105656,unknown,,unknown,not_in_obyrne,,adopted_year_unknown,,secondary,San Mateo CA uses SeeClickFix for citizen reporting; no dedicated 311 number or verifiable launch year was found.
4801924,Allen city,TX,105548,unknown,,unknown,not_in_obyrne,,adopted_year_unknown,,official,No dedicated 311 system or verifiable launch year was found for Allen TX from available sources.
2509000,Brockton city,MA,105511,unknown,,unknown,not_in_obyrne,,adopted_year_unknown,,official,Brockton uses SeeClickFix for citizen reporting; no dedicated 311 number or verifiable launch year was found.
0637692,Jurupa Valley city,CA,105356,unknown,,unknown,not_in_obyrne,,adopted_year_unknown,,official,"Jurupa Valley uses the ""My Jurupa Valley"" GOGov app for citizen service requests; no dedicated 311 number or verifiable launch year was found."
3714100,Concord city,NC,104885,unknown,,unknown,not_in_obyrne,,adopted_year_unknown,,official,Concord NC has a citizen request portal (concord.mobile311.com); no verifiable launch year was found.
0617918,Daly City city,CA,104858,unknown,,unknown,not_adopted_by2012,0.0,adopted_year_unknown,,official,"Daly City uses the ""iHelp"" app (App Store listing ~2013) for service requests; no official 311 phone launch year was found."
3563460,Rio Rancho city,NM,104433,no_311,,no_311,not_in_obyrne,,not_adopted,,official,"Rio Rancho uses the ""Report Rio Rancho"" CitySourced app for service requests; no traditional 311 phone system was found."
0177256,Tuscaloosa city,AL,104217,2007,2007.0,year_found,not_in_obyrne,,adopted_year_verified,,news,"Tuscaloosa celebrated 311's 10th anniversary in June 2017, confirming the system launched on June 6, 2007."
0660466,Rialto city,CA,104077,unknown,,unknown,not_in_obyrne,,adopted_year_unknown,,official,"Rialto uses SeeClickFix and a ""Report a Concern"" system for service requests; no dedicated 311 number or verifiable launch year was found."
5367167,Spokane Valley city,WA,103531,2018,2018.0,year_found,not_in_obyrne,,adopted_year_verified,,news,"Spokane Valley launched the SVexpress 311 app in 2018, funded through the city's 2018 budget, per the Spokane Journal of Business."
1871000,South Bend city,IN,103335,2013,2013.0,year_found,not_adopted_by2012,0.0,adopted_year_verified,,news,South Bend's 311 call center launched in early 2013 under Mayor Pete Buttigieg; the city celebrated the 10th anniversary in February 2023.
0646842,Menifee city,CA,103228,unknown,,unknown,not_in_obyrne,,adopted_year_unknown,,official,Menifee CA uses a city-built app for service requests; no dedicated 311 number or verifiable launch year was found.
0613014,Chico city,CA,102755,no_311,,no_311,not_in_obyrne,,not_adopted,,official,No 311 system was found for Chico CA; city uses departmental contacts and online code enforcement reporting only.
4879000,Wichita Falls city,TX,102480,unknown,,unknown,not_in_obyrne,,adopted_year_unknown,,official,"Wichita Falls offers 311 with ""limited availability"" via a Comcate platform and ""Access Wichita Falls"" app; no specific launch year was found."
0652526,Norwalk city,CA,102405,no_311,,no_311,not_adopted_by2012,0.0,not_adopted,,official,Norwalk CA has a Citizen Request Center web form but no dedicated 311 phone system was found.
0681554,Vacaville city,CA,102092,unknown,,unknown,not_in_obyrne,,adopted_year_unknown,,secondary,Vacaville CA uses SeeClickFix for citizen reporting; no dedicated 311 number or verifiable launch year was found.
1919000,Davenport city,IA,101651,2021,2021.0,year_found,not_in_obyrne,,adopted_year_verified,,news,"Davenport IA launched SeeClickFix as its new citizen reporting/311 tool in January 2021, per KWQC reporting."
2941348,Lee's Summit city,MO,101621,unknown,,unknown,not_in_obyrne,,adopted_year_unknown,,secondary,Lee's Summit MO uses SeeClickFix for citizen service requests; no dedicated 311 number or verifiable launch year was found.
2555745,Quincy city,MA,101482,unknown,,unknown,not_in_obyrne,,adopted_year_unknown,,secondary,Quincy MA uses SeeClickFix (now closed to new requests) for citizen service; no dedicated 311 number or verifiable launch year was found.
1656260,Nampa city,ID,101310,unknown,,unknown,not_in_obyrne,,adopted_year_unknown,,secondary,Nampa ID uses SeeClickFix for citizen reporting; no dedicated 311 number or verifiable launch year was found.
2537490,Lynn city,MA,101103,2024,2024.0,year_found,not_in_obyrne,,adopted_year_verified,,news,"Lynn MA officially launched SeeClickFix as its 311 reporting platform in March 2024, per Item Live reporting."
2545000,New Bedford city,MA,100993,2025,2025.0,year_found,not_in_obyrne,,adopted_year_verified,,official,"Mayor Mitchell launched New Bedford's NBConnected app and 311 phone system on February 11, 2025, per a city press release."
5323515,Federal Way city,WA,100988,unknown,,unknown,not_in_obyrne,,adopted_year_unknown,,secondary,"Federal Way WA uses SeeClickFix (""Eyes on Federal Way"" app) for citizen reporting; no dedicated 311 number or verifiable launch year was found."
4822660,Edinburg city,TX,100711,2021,2021.0,year_found,not_in_obyrne,,adopted_year_verified,,news,"Edinburg TX launched its 311 app and dedicated 311 call center on August 26, 2021, per MyRGV.com reporting."
4864472,San Angelo city,TX,100066,no_311,,no_311,not_in_obyrne,,not_adopted,,official,No 311 system or equivalent citizen service app was found for San Angelo TX; city uses departmental phone numbers.
